3ef9a0d7fab5d2bcabf0978c0a35244e,4ed5d2eaed1a1fadcc41ad1d58ed603e,a2f2ed4f8ebc2cbb4c21a29dc40ab61d,b068931cc450442b63f5b3d276ea4297,f7a42fe7211f98ac7a60a285ac3a9e87,599dcce2998a6b40b1e38e8c6006cb0a
4734e942e40621803b61179323d73057,b4f03852b5f30c7c3ca98dbc1e215ca7,4395f69af3a534607227126fda38f2a3,b45aedfa06e98e01ecbbd357c0279a2f,d42ffc46f71b9b8db398511fa07a1c94,7c994c3fb728874ff5bb1b9a731f3966
d76d3088eb76502837ba4b36fceb41a3,b4f03852b5f30c7c3ca98dbc1e215ca7,c6629aff1af134fb4b504951c14f39de,2ad3dd671d0ce9b42da557a69466472b,6590cb4f8f8e6eba7e0383f79484ef13,8db73a61e2161c39de84a9e1c2ecf473
59f3b2ac126a2679533afc9904059d7a,286cb93ae6f8c6f13be7a8f7917963b2,0123a680b3c48454c3538a3c544cf38a,9783e6d7ae461f4e070bbcfc5732be97,718abf0f4af23378c9e2f988c9717bb1,0195dffd2c99afdd693bc2e05fd12d8b
3c5ff663b65bc3b34a5b063fa59dfa6f,03ebf8e3c1df4030b55467d90d3b41d8,31241d97ab951e1d13ff689faaeb03e1,fc390420013b574f13ae21085ffb3bbe,616c84aae1fb467c085bee4a389d8628,6896bcfcb024865adf604adc94241809
091115c0053986e8e45359fda9c07f63,5cd1e8197c18fc917bc6720ea955c5ad,f2832531055c6ea6084059c632fa07cc,cb1cdcf055264125960db80788e72ca3,7fe71abb9e9ca675e4d56964bbaf2db6,2b50b29ca6ea01677c76c5eb82e5ff49
209f1466b550f5397c9d74511ee49c23,8ecee8ea1192b669fb2f3172f5c16ed2,9735deb9b7317cc17a5e45f4f4b04de0,b75d9e0b81ef447d7166774b43237d1d,cb04d8740c13b99b01785741ca764ab3,141e545582b5a2cab34abc42de957b40
facaf358b8df16354253e52490d9af15,e76318570844fcc0fbb036aa6b6688be,c5f874bb0d68bb9c927ee3723d284f14,69c8d4dde62601f899af15e7dc2487b6,9ac4747a3bddfa8b8b42512ab4a6558c,856f364a4cb46fd2958c5120d412b1f8
a255cc621ca04282976099d5760b577a,779ab56a2f904f1afe6640f7585bb314,17b779859190f9a99eb2097a5be8974d,46b5979a0175d706d3fd32d6c5f8eae9,45439a4e83b96da456afdc528427656b,d6a531098a767bbccdcf5d1d95c4fee7
978d1f3321cb2fd63566397770b7d5b3,03ebf8e3c1df4030b55467d90d3b41d8,d6286bd6e8075099b5d714be6a7c893c,33d2bb7150fcef91cf445692703653bd,554c0909740c27f9a2bc04bdb1c0cd12,f13c631dbc22004eb055b5fed1a09aba
3939561e2f23098bedf4b61ce9606db9,e76318570844fcc0fbb036aa6b6688be,edf2fb5246b9eec819cb031260147eba,697a11eaed37adb2ee8684fa90a6607c,72df1bebd4792cd0f2bdf33154793bf4,856f364a4cb46fd2958c5120d412b1f8
8b3e8c000ec541a46d8b6a1fe58d5629,2402cca4eacb4b1cd90c794c06db68ec,2a27c4ba50a2092e4490c16fdd3fc968,2e6deb4ec3f3e65bc2e69018ef8a79c7,073f3c7859abcf45b45b4218b423f39e,2267860f043bf39437195f97d46520ea
da0f9614c42b7d6ad8833f8f5dd8d8eb,fbf968d5fc8f3e17ae50869dd4e58a6b,262c41e886b3dbac5fabe51931962c38,59b77bcf3873f3608454c2b37ce556a8,eb7b4682de7a6d3afd447fa4739694ee,7c994c3fb728874ff5bb1b9a731f3966
0adcabfd77a1fd7db31c3fdb3e3c2b5c,03ebf8e3c1df4030b55467d90d3b41d8,b17027f45f67415fe4cdcf40e37f52eb,a3a913f4d7d7b9af9fdf32e7f92189bb,2918dda7a4e161840a13c986a02a472e,6896bcfcb024865adf604adc94241809
443c76580719711c3d9133134db325d7,c9089f3c9adaf0186f6ffb1ee8d6501c,7c3c79edd5468a931e9af407555b9fcc,f113cce5073964adb89f6bb17bc33871,24142d2460dd533372d78750695be11e,7f1d2b3a4016c460a93cdca536f3acce
ead193b892d79a68ebcf93bc931bb16e,331d083e897103d9e4d5dc5f59931427,6cc3577970e97938a2191e0443243dab,db93bdb9787d61a5acb492227f7e25e8,a8604d2814827ea39814b635e615d4e7,00cb7dc58e4d443da8a6e0b7e641f894
f20abd91c1622fcdbf4f765a806b1d4e,6f20d5a8bef098388fb6dfef67fb4bd2,d8c5835a7cf5ca37643c849277680ccb,4c871f08c0029f5a4715598ecc82740b,35f27095bda36f82b722f12004c9b59b,11eb6dd2f9dcf57686be6f609d853f9c
bf91a9296f2b8bc353775ade7a5e608e,1449bad536b588ec140ea1eeedbf2f41,46da8aefed260fc97d954dd07ff93aa7,70f72a20f9ffc9d9ce3fa63f21c3e6e3,babadb147889abdde6835fc768e499e4,2267860f043bf39437195f97d46520ea
886f47314f18f7a853610c6f820baa7f,6f20d5a8bef098388fb6dfef67fb4bd2,0d722323833afe30185cdd065d0d1be4,228d3c914258437af620951d8bcbd513,e4d6843bac0c9c1613bc68c4c22c6d6c,f13c631dbc22004eb055b5fed1a09aba
7e67d1d2206aff65af846f387dfd195a,1449bad536b588ec140ea1eeedbf2f41,f838ee7a177bab4e5cff209fdcafd9c7,46f323d711cae762cc1fba18548c75eb,2a06f2d3d7063ce745ef67731d9018a9,9a59abd4997595ffb013129515c639eb
da9fd8238931d4a8acc8f94ecf7ebf27,b4f03852b5f30c7c3ca98dbc1e215ca7,25d8c883f036f8f56aad97b4eacb8eaf,3c58745a5048652157a47d34115bbf6d,5c6461b635ca8a9858d38173aeffb7e3,babd2925f9a5fe57586bd10374bdecc6
62389c4ad7ffda921caadc116dcdfc50,c9089f3c9adaf0186f6ffb1ee8d6501c,c0cb7f856e8761b4deffb5c8836ede08,5a3d254960bb0d6cf19c8c3d5d7c8cc1,94827270bc0b690e10b124a6fab00d16,b988879906d4fae19c9071d268e5045e
df1490db0a8636e4cd732efeeb154f1f,13a224ef920af18191b809f1a9d48c19,e47fe0224d29da30b93914fb3d81847a,92e553d29cef3429bce32a4d74e592c3,5e9294dc619793ffe73501cbfab15aa6,f13c631dbc22004eb055b5fed1a09aba
eed3107ee781c968c43e613ff1e1916d,c9089f3c9adaf0186f6ffb1ee8d6501c,3aa0768a83c5a2f7f0e3b0c3bf52659b,6a172c68d514fbc4751b014298a29822,4220f3b2710198425da8869226d9de3a,91551a63737a9e66bac586a8524dfc10
dcf3bfd0c0825b0703c859b0704326b7,c9089f3c9adaf0186f6ffb1ee8d6501c,a4aec38134cbbdc819b65b905be75cd9,8f47a469a6f2b750c592b97a5cb7cafc,8cbb17fe8ed81fa80d6b358a5888736c,f13c631dbc22004eb055b5fed1a09aba
d4686d4d82b63b7d6d4d2ee7b4be50d2,5cd1e8197c18fc917bc6720ea955c5ad,73fe853b5cb81c1812c4bf147b0f29a6,2058b5c35e3a80c0b5e3f0db00ba67d8,47192a98f6d9ca4c5d71454d4f53a655,856f364a4cb46fd2958c5120d412b1f8
34477b3d0f85b45ae04bbc47e2293dbe,fbf968d5fc8f3e17ae50869dd4e58a6b,8067e958426ef75b373cfd0f5ae1048f,7425f655ef8006333e86ada17d0780a1,db8c70f4fd1713e8e3a60c92a67dc35c,4b16dd05ac7c52f8c23f7e828c317d9c
97abacf06ef7261ebb4b584dc9fecdf0,fbf968d5fc8f3e17ae50869dd4e58a6b,838c77944efe2e700184809d8f338aae,2d75bf619b0d85fff307e1d7e2c42648,81ee76d596fbba98d76bff0deba1b1df,eef4e33361d1377ab483a3c44cd2dd59
5c6b83c1c8f4d03a4cc36bbf751f947e,b4f03852b5f30c7c3ca98dbc1e215ca7,b59c665ee600c9541dd859b26573793d,054ec8eafc9ea490060f516dffa7140d,354e5580b96dac6f76359564dcf5369d,f13c631dbc22004eb055b5fed1a09aba
b7e64376bf83bb200829f63ecd3b9c2f,d4fde853c7a1c34cf6aed3ed1c94b059,aa7965fdd514fc4f92ca4bdb05d60320,692ba79811bbdad20a494b722a4e7d35,9a84c3a4fec247aa0e18ba2d58fd6da1,d6a531098a767bbccdcf5d1d95c4fee7
8573606669745fcbb44662b7fbabd8f8,c84cc8635eddfbfc19a108d3989f427a,d1fd01165172af8457fcb4e032849190,7717be3f58643adfcb0890408c67e932,7997054766999094f90eec0901b558d2,199b42ae7daa539e3585d9e18f06376a
53c87d3db8022a24a758b3abf3bfb048,c9089f3c9adaf0186f6ffb1ee8d6501c,631ee152bced4d7ab634e2dabc4ba39f,393e2da1f5532f82be5a3cd1657bd235,fe679e683e8261d02cae15a076d72f5a,7c994c3fb728874ff5bb1b9a731f3966
074efc1b07a194e510f09edf283db2b0,85693d9dad7ed74185901474e8589caf,c59227ce8efb0577527e0e2f09f19efa,6775191704d96b23fb2492a2fa9072bf,b5087cb3b680f31b486dccb8430e38cf,f57611add43f15fbaa6bd04331da3019
62389c4ad7ffda921caadc116dcdfc50,c9089f3c9adaf0186f6ffb1ee8d6501c,e429d8b716156e15d2b10214b25f9403,1a7048890fd26b35cd3fe4b43c1fc947,7dd2e0cf0ca08d4117ecc1228d4fbff7,7c994c3fb728874ff5bb1b9a731f3966
b3b6c83338cbfac8030d2de758d730b0,c9089f3c9adaf0186f6ffb1ee8d6501c,b91379f7a9e9748c2c52d4796398fd47,c2a109b888481a19ea05b9932fa627a3,8c5251d89660909bc58266a627c6cd45,742929dcb631403d7c1c1efad2ca2700
0ca6b10ac83f4cd127867c7a20171129,dbb407867448e394dbeabe5d18fc6fc2,d386be4ff0ac5dd95149c897ce77781d,0bf1119dc8450bd1ae2b9c1c1553d012,e9f64202430a9c5b2cdd5dca4a9377b0,44aacd1678e49c22e7e309f0941b106c
97a7e3372aefe1175e8b6d09c9315469,d7823bb0d19e6429f410250999bdee95,bede6e0fbd38bc518da6c2cd59ffe050,b08358f79cad25f04fc62a987bb7eb3e,ee4af6d30422266671348adc8cb95ea7,0195dffd2c99afdd693bc2e05fd12d8b
261e1c98bec89ea7d6179985d4c69ec9,182ff8509b52376296044c6d891fc864,a9a72b1f0087c9ab03e151dc57cd6d07,e1ec4b9a9c6f76f5cbe3e61b247f8ad7,e9c961c314334ba8838d7bef8063cc5b,37b3bb4160c6b1763e6985114e57ffd3
c8086f48d0d2c60ff1bb9623e2eba161,c9089f3c9adaf0186f6ffb1ee8d6501c,a120177a32f95ef3b3ffafdee46d4ef4,b76d066fe095c27d98ce84cad83e32a2,c986ab0d291ee8c64bac298e591aaad0,d6a531098a767bbccdcf5d1d95c4fee7
af86de0cfce48010164b38767ec6de94,286cb93ae6f8c6f13be7a8f7917963b2,c8ab349ec681776ac0ab98c26f6cf218,4eaaf351edd2b3a6d694570ccb38320b,2a41a886f566b5909ffdcaa468ce0b34,1586bf3c7db717e44bf704f7dd1f2493
71b44ef865ea19dd79aa5e2b7f1a43b5,64c6d30e55e7ff7b71bc8ec5afda047d,bcd933fdfc5557b26423d3ca6e11314c,28fea3bce3f4d9328659e6607a7b53d2,b87464d4f90402f887d643657b98dfc6,7c994c3fb728874ff5bb1b9a731f3966
3e80df4565e0be985f18360d4dd96e1c,c9089f3c9adaf0186f6ffb1ee8d6501c,3b68e380d578c36fde064d14230d27bd,564a8d091cf3d968e7133271561d2b51,acad7f9bbb3be835ad174881da5f4e0c,b7f8f342d75c02699b7873f497f4251c
2af7b1950f8565d2ef7d4ae7a75d2924,1534acfc668da64c66d1a5025db024c8,df8a080dffe68a54bc6955132c5f3c2f,03140c105609b9034bba4f6407f8b83e,e160f192f2e651cc7cf467e5d7e41aad,7c994c3fb728874ff5bb1b9a731f3966
704072890cacb41eecd121bb84d3f261,f3a2283afa1f1ac75fb21a95888c8548,41970d8a0b4db2d98e832d8a307179cb,3eea0af9fb9d33f5f200cd8d747b1a13,5d4372ccd678a834a9fd915f017d8f3c,7c994c3fb728874ff5bb1b9a731f3966
62686b284a07cbedd5690f5ca3d1dd88,5cd1e8197c18fc917bc6720ea955c5ad,c99f77aa984ab50f835af1d5c42593d8,f0215f2d885a933aa537968f96af4a8b,a27cbd50099a29ebea492b0f3390eb4e,856f364a4cb46fd2958c5120d412b1f8
cc01bf54008f73c89337a18535a9781f,c9089f3c9adaf0186f6ffb1ee8d6501c,30f7843aea9eef9637d29a326b23b8bd,1bcbb486bc6d6523f55311a344c077db,9401fa7d970f920e948abc1ac9da06f6,8db73a61e2161c39de84a9e1c2ecf473
5086de815a6a58a092d74854a9602a63,c9089f3c9adaf0186f6ffb1ee8d6501c,1a342451e061c5e6e4a0f4a417bba708,ce0df5872a5693cdce9f70ce7ac35f59,849610aebc14e2c064c3156141c7b2f9,7f1d2b3a4016c460a93cdca536f3acce
d5eab264f6b777f6102f1876d0396274,b500c3b4447b6723050196b2ef2dd652,d93c4811f46b55ceb8395e9e1fcc1437,30cc762e46eff9e2578d78ff9fccc5a7,4835fd314233dea370a3cdccb3746a4a,7cf2db5ec261a0fa27a502d3196a6f60
dff95032628a7b30e2737219af82e451,5cd1e8197c18fc917bc6720ea955c5ad,7f6325884427bf82a62d2ddc795f5c35,c1d98a04e9e0f8f77705c33653be085f,e975cf223ce8614dd8406aef17c7b461,7c994c3fb728874ff5bb1b9a731f3966
d972f4570bc44be086cda7b9a0cc2a11,53ccfe39beea3696032fd0739bde8fc4,a7de4cbe05d8a7f30c244b4734e0d854,369bef816579e565c1fea914128a63ad,fda7f8c46236a40bd1d6526a7f1b069c,f57611add43f15fbaa6bd04331da3019
a18f85ed44af2d85224fc008c239a10a,c9089f3c9adaf0186f6ffb1ee8d6501c,f7055013b97a19f7a1821057e89f9268,fe43a7bb716a34bbbff72d9d2214d026,33688769fa2a326d104d7a42b5d42044,8bb7d1c11fcfe87399f2fe8452e1fafe
30d63b956f3508d220a01cd445d8a7c5,e76318570844fcc0fbb036aa6b6688be,1f684b2f636bb5eb791aff5a9a2a5cb6,2114e1051967f4e6ac7400973b9c83c1,046116279c76aee1a1ee3fd6dae00df2,856f364a4cb46fd2958c5120d412b1f8
98d0a5836ecbf784ba984f8dc1620e40,d86a0ec3079fa3e4e120b50775b3cfe4,7cb991e1e63300985b13de7b2c4282fd,f7956db51d1724b5e826cdc1fab8285d,10915b75c54990b49419989c9408156e,582b795ac295c6133170cdeb5a0449d3
41dbb3e8ba5f5db607475721662814ae,c9089f3c9adaf0186f6ffb1ee8d6501c,247d80334fd7e5c26a59eeef09301026,bda49d77e24895955ce2eb9d9156b48e,46fae63cf7e52e1d36bca4bc7c23033d,4b16dd05ac7c52f8c23f7e828c317d9c
d28a330153bd6c8832b738223f435d6b,cf5ecb4389f6cd9f28d9a4d9764a9f2f,af760aa68a2fe4f86b22c9d7429869fd,25dfb8266b71a26b3f4ca5124f33f990,bb7ac24cee078a1b5e0b12d7ab0116bf,0195dffd2c99afdd693bc2e05fd12d8b
436609c80d3a13ed383fcebbcda77df0,8ecee8ea1192b669fb2f3172f5c16ed2,8a6e4d54e9b7994fcf7a7feb31345d70,efabc30264bfc7933a9e891bac67b28f,ff0682746e01822a6c179173ea8145d1,8175469f5b7510febe85d18daa424a3f
a70ef6e9d72ac2faffe3c24c8a8ed709,5cd1e8197c18fc917bc6720ea955c5ad,95b9b1fbc05c73a12338b193ae2097a9,99d214ff3f1d1ac4fdb0075e5493f9b6,ba35b736e3652340e217231b0bdb8603,8bb7d1c11fcfe87399f2fe8452e1fafe
ccf8a9dfa54eed43d82361b498e6a88f,b500c3b4447b6723050196b2ef2dd652,22fe80b9d3a902be51ec693c16128fef,4729de91689162898a0eacbf5e3e8e76,2795b3d336b16c45701c3fe2b39a793b,4b16dd05ac7c52f8c23f7e828c317d9c
916e7f94355eeef59534112883bea3c3,e76318570844fcc0fbb036aa6b6688be,c406f02aeaccc6dcede23c4e180f0144,141b21b6dd89c17ce2619640cc01c2a3,88fb68bdfd365d2dc433b52ef1918cc2,8bb7d1c11fcfe87399f2fe8452e1fafe
70b8975bb2d0169314d1b4e3cb594ebf,f3467e7b58cf872e094ad65af9771e46,622a615b5f1bf92785ef0cf4409aa0fb,49ff33a5dad9e77118ccaf70f8fd1de2,45aa27eacc5c3ae699e8db085c1c45fd,7f1d2b3a4016c460a93cdca536f3acce
4cb1f4deb2d42c3457410904a06eacec,03ebf8e3c1df4030b55467d90d3b41d8,bffcd2590e65c20d4714759c83f99511,3f98e57a62fb99c0b4fe9f6b70816d3e,07dad0646ae24a233faa158092d00ceb,c2494875353d814244bb87848b200711
2f9c41476819c88188060f4c3a00771d,e76318570844fcc0fbb036aa6b6688be,479b733d8008a6ab2dbb6ce7a29d5457,6dfdc384d6025b2ab9b71ec15971aa11,9baeb8f7f0f4848a1f65f65b3fae036a,6896bcfcb024865adf604adc94241809
7b90b50533f3f65362c0b87869e4e66a,85693d9dad7ed74185901474e8589caf,f690ed91c98a2360d0953ebaf764488a,1fbd9ee92eb933f38db1c262aa367b13,f39b2a172e74235384d89fcb94a0f95b,8175469f5b7510febe85d18daa424a3f
bb1ab2bc4dc592ca17399adf1d0a9f73,c9089f3c9adaf0186f6ffb1ee8d6501c,f9e5bf6288d2e632f248ca8036695cbd,51b81e10ae7027250d033c7ef2c19ca5,3f2997efae9d88eb14db62a7b3d68fbd,b7f8f342d75c02699b7873f497f4251c
ff40f2e19466a4f2a8bebe4d4689354f,0c008f194b7b592f9d463560ccbec398,3eebdd5cbf35bfb617c82153db3960b3,da96719031f5b7a93c8d707977a797c0,5259194b7f87af527102ebff324a80e9,8db73a61e2161c39de84a9e1c2ecf473
5e97cad4da4da2e00538aee5f8464bac,c9089f3c9adaf0186f6ffb1ee8d6501c,bfce0ce925858c09361e2529b4e81402,26d632e6015a38eb6df16c4a7661c7de,b2286399310179a88761174e847b930e,7f1d2b3a4016c460a93cdca536f3acce
0a6a535f5a0b61acb7b8468e12ac6c5f,ab45da9e4802125351da4f2b69445f15,0406b4d39fb7771831783dcaebcab1c9,66d71109f7ca64a590c29453d6d5e428,191594da90a8fca286333170f0463de9,8bb7d1c11fcfe87399f2fe8452e1fafe
be5f69e9e2210667dc675caf47894912,8ecee8ea1192b669fb2f3172f5c16ed2,b1a27c5f4f41306473f425338bd24d5c,8ef297150e4512acdd1c4419d3f251bc,4603f33cd74a00f22c6cc5dd0c13eb25,f57611add43f15fbaa6bd04331da3019
1893c06471dbcd587ccb00d78e5c2492,9d401c4665fd6e430145fca0c7958af2,dd4bf40dc57b213d89f216341b810cc3,8554efeb743c76db21f897cc621780c3,acfe6d032f740207ae8223a3dce3431f,9a59abd4997595ffb013129515c639eb
0269021843087d60b05ad0964a209b3d,0c74ab2c0ab1fda0b380401a8b0378d2,18547dc28f1f236a9f17cc9072988a2a,129bbaae7bfe6a4c744c4a9bb0ee9ad1,0b720e9faa134fa0718a841560928d45,f086b5845e99b940d4049ed039c0f3f3
cba26ff91c6cff5bebd7283001e9b3a4,0c74ab2c0ab1fda0b380401a8b0378d2,190e741cdcb0bcca0e57b320576ba03a,55a0f9a01a57b764befd1afa3deeeda8,2aa601d703407dacda44013f46f05a2d,eef4e33361d1377ab483a3c44cd2dd59
c8344ffb99d0564a80a1461a67fd632c,0c74ab2c0ab1fda0b380401a8b0378d2,c766445880dad7dc4aa15053ada08235,290b232c648b0d9c136ccf1cab614c89,d6395f88e851d260cb6b4a951708dc52,0195dffd2c99afdd693bc2e05fd12d8b
2ad4d8136463d30ee142bcec8c4fa7b0,0c74ab2c0ab1fda0b380401a8b0378d2,bedf1b3ea3e1eef284e68c4dd80b3b16,b871a985ff38d035304c20d41350fd31,d780f77da2c34fc062766ddca373e59a,82ca4b84d749ab029d1fa628a5111671
5c875db72e7e2865bc1bb56a38bb91a0,0c74ab2c0ab1fda0b380401a8b0378d2,d1d4c039a91d611ba6570fc7ae62d02c,9bba4b409b3c78a92e5928b9165b85bb,5595e1b8a024833cb71e11d7a1da2b09,7f1d2b3a4016c460a93cdca536f3acce
058f1ff2b36641eacbff48b2b7056279,0c74ab2c0ab1fda0b380401a8b0378d2,03390c6fef51cc1688fa4d1bbb1b449c,4d192bde4ecc27e7815c659c15cddf40,ed0a18c1d4a42dc267931a9960bf86de,2267860f043bf39437195f97d46520ea
590e2d94e88bbf29646d940d815888e8,0c74ab2c0ab1fda0b380401a8b0378d2,259c1cc4788ea5c4472653413ac4614f,a31b82a2fe9d9ac1f532db0e6fecc3f6,92e4a61e8181401eddba31da6fe23c55,f57611add43f15fbaa6bd04331da3019
a71404c5ea8fa068b17c573d43f77627,0c74ab2c0ab1fda0b380401a8b0378d2,db0f209410970761dda8a3f3e3478003,567f3cf43c77449badaa131857b1dee2,137271588d7e60ca59896bd032229bfe,972ae52621668f045e61bd75160131e8
ce1935ecaba6945d25aa6c9b54bdcfc6,0c74ab2c0ab1fda0b380401a8b0378d2,f5fcbeacc5a67bbbea6af3c404d97f98,f694df267ff80aede54d0a0d38758657,6b3509b1c53843c29941eef9f4c05f32,8bb7d1c11fcfe87399f2fe8452e1fafe
589bcfd86f50283c276fb295e2c44168,0c74ab2c0ab1fda0b380401a8b0378d2,c7a9ec20ebb3a5dd91c46e0d213bdfe3,0e54de92dbde519005f2562282ba0f5f,6ba6c774d8a3bd6e2d1e76d7f4a4dfd7,8bb7d1c11fcfe87399f2fe8452e1fafe
6d2f293b1a911b154164912a9ad2a689,ec33af69da75485e28febd93ca4ce832,a17157536594e64596cc86dc9bcbb6f7,984b64ab17ec76918e483854636ee5bc,aaec6ce81e38ec74bdea08ae8a4ded3b,709ac5dd9635e01c88c252291f72e382
b05182e29cf4049f96a4fd169f3883d9,0c74ab2c0ab1fda0b380401a8b0378d2,b4a4b3f2d12179fc080cd76066a5e02e,1de810e1f6c95c222ed56ad6dfdd54e3,db3473e73a2385d27bc296ac101d72ff,7c994c3fb728874ff5bb1b9a731f3966
44055e2404fecb51b0d59ccf6aa52cfe,0c74ab2c0ab1fda0b380401a8b0378d2,40388a76217cbc454e702728c36014c2,bf8776f8d989690670a25079987501df,464741e47b5729d013774f23de3b56d3,4b16dd05ac7c52f8c23f7e828c317d9c
653002f8b343a9f0221c2f10c29e27fa,0c74ab2c0ab1fda0b380401a8b0378d2,2b16bd02559ff83bc1a7f9d4b82b4e84,97d1c7d0728f383070c405b353f9c132,4cc5446a876ffffc23ef190142b14967,2267860f043bf39437195f97d46520ea
c290fda8ee2e14e90994b90cd9d6f9cf,ec33af69da75485e28febd93ca4ce832,d5f8e14d3c12e5aa8a835df294a3d742,78f531b4e316039fc916c09b1771c1fa,d97d3a061369425ae4806ab51187a4a3,972ae52621668f045e61bd75160131e8
e573810b3ba4a1f15096eaa6a934747f,ec33af69da75485e28febd93ca4ce832,a26726cb3c2b9696e9fb37e9eade175e,aff224d15c945969035518228eb028e5,85b764ca98b209eaa960cb942f883c5c,babd2925f9a5fe57586bd10374bdecc6
d123940c6f1ca37cd3028da8c957590a,0c74ab2c0ab1fda0b380401a8b0378d2,71cacb9fcce33134a87d981e21ad3299,e7701d21a590bad5f0a0c761a324f758,b72e3fa27fda675a9cdd1bbaefb2901f,7cf2db5ec261a0fa27a502d3196a6f60
d236b86f634f296a872207698edb40ce,0c74ab2c0ab1fda0b380401a8b0378d2,8280f1d6cf74dbb9ae60ab8324da079d,b255aab29f36feb971bcfd9d2c33f6ea,5ed62afbf23587f8303d622400a3bc49,3229c36e15d7c453e83f5fb06b992ffd
b99f1de4e7790db0aaf4c559adfebc0f,0c74ab2c0ab1fda0b380401a8b0378d2,475387964f534c00fade3e7c250e8a83,1f85fec92dd065abfeb8c4db59dde13b,f2bfb69522b9fae74df68165d87fd117,f4e2db238c8c37d77a919786be26c688
3b1dd994e1bf6255d7ae828c911b62a2,0c74ab2c0ab1fda0b380401a8b0378d2,ec1070d05e129f03cafc71e809f741fa,ed3bf06f800947c786604fb297ad20f6,123cce0b594d1a1351bd975fb573489c,8175469f5b7510febe85d18daa424a3f
5f043b08cbfd96a04b1c56db63caf71f,0c74ab2c0ab1fda0b380401a8b0378d2,9184f8b59bb0ebcac1540ee4744bd7db,575fc0e47ccd34a3fcfed6704698056b,58d296fd6fa3fda7436e7a8ac68df28d,82ca4b84d749ab029d1fa628a5111671
21bd234712a3fbd0e978860b27455dd7,0c74ab2c0ab1fda0b380401a8b0378d2,ba31463a4adc40bfe61192493fa1747d,0bf49708d5787f6fe0b5b33974903a56,cb866616a4ccec94bde71c0089b319e3,fe49170591dc892c7cfc442997e07d7f
63c25dc06cb862e3da3d8fed4fdfbe0c,766f0081408dd1691fc99860d9922c1b,4b567d07b38a9130230bb5198fb44fee,61497d8e55deb649abe54ddd2266fd45,7e2270d8a1ed0bbc26f3692f4d7e801a,1aafcfcd9efdd2e7ac43e80ce77bba79
8b05788a25da050e1408df84ed41eccc,0c74ab2c0ab1fda0b380401a8b0378d2,314168fb1d73798384c705ec2819b895,ca5233c93858766c945a0494309cb0b7,a8fa35a59c20bbf5d56af5b8a6b23b8b,7cf2db5ec261a0fa27a502d3196a6f60
15097dcb41b38aec25c3667571a649e0,0c74ab2c0ab1fda0b380401a8b0378d2,7199a2f6d0246350a2efa32461557292,1620c2d329511b2a2a76d2ad0df871f8,acf8b00d5541aadda1a8ebd1b5a6510c,212767045cc37041292a57e6335ab2f1
cf4b07ad63c3affbf523d48fa968ce52,0c74ab2c0ab1fda0b380401a8b0378d2,571c15680a2d113a0f9c3570bb453036,83a213dd5c34ff6875470ef195d772e4,3a276888ca400de9c88b278d60a9b85d,8175469f5b7510febe85d18daa424a3f
6a3e13e3969d4454ac6c81eda754f1cb,0c74ab2c0ab1fda0b380401a8b0378d2,a26236621598f2b17c18ad8ef2c8216b,262f6dcf52bda160aafbd083956cc500,cd212727cc22c9bd37196a9bfd3f9f36,972ae52621668f045e61bd75160131e8
8f7a283d057cbf9066ca4f36a0508551,0c74ab2c0ab1fda0b380401a8b0378d2,711dc0f41bd3d026cb04a86c2dd42c18,97f4bb5af525a549601cf7f57de32832,96e2b5c8d8910bb6e2358f6e2cfc0dff,1aafcfcd9efdd2e7ac43e80ce77bba79
ff43188b7b207c842d493a41db264060,766f0081408dd1691fc99860d9922c1b,43fc65464a2b2cf24aaf05a55589c496,5e1aecf150c31ae292b4b324ad2654ba,ac7729c83729c0a98d14791d542c02a8,9a59abd4997595ffb013129515c639eb
407b7c13071420e96a42210fe13b62c0,0c74ab2c0ab1fda0b380401a8b0378d2,9290d0aa81de235ec7e58ecda942ab81,8e1a40f5f548e28e40a5364585b3bd0a,be5f64c679aeba254b3a8a8c810f84bd,8175469f5b7510febe85d18daa424a3f
27aeaadd04bd0b065d1c88743995397a,0c74ab2c0ab1fda0b380401a8b0378d2,aa9d4264f80c500e64aeca428260c0f7,9901a9acc99b8980f427dfc4d3b30514,1ec25b5b0189b09d04967d7b31d3e46c,141e545582b5a2cab34abc42de957b40
9b17762a21c303df1ffcefe0b6c05979,0c74ab2c0ab1fda0b380401a8b0378d2,e0ee585fae828e6a6747b32bbdb5d625,759657cefd279ad6b6d142cef93a1e1c,f7652b16395df13108933ca8537eacea,f57611add43f15fbaa6bd04331da3019
2302ec0d5441be62398303fe456f3292,0c74ab2c0ab1fda0b380401a8b0378d2,80e878c1f1883e06bf3372859252a516,4ab4aca1c61c78b89338c3e3804e0e9d,8e346eae42f9a6e6085d7a30ec14f7ff,c2494875353d814244bb87848b200711
18f04dc401f2b997743d013e4460ed12,0c74ab2c0ab1fda0b380401a8b0378d2,4021ca9e3eb3e9becd7fe1833ac978c7,5da24522a43d59efa040945d86e2c76d,7f2295d9a43d2e529a36d9c5bcdae137,c2494875353d814244bb87848b200711
6ae70adbd60438ec3b545c81cbefa0d0,766f0081408dd1691fc99860d9922c1b,c4e21fd54682549774f08c2f2e78be88,0b31d71345a9699812cf8ad684147bb7,c258f19469c34039a2164a1ca5f7a422,7cf2db5ec261a0fa27a502d3196a6f60
d111406359283ff8d07585dbb182beee,766f0081408dd1691fc99860d9922c1b,9e3bae4f84815a8e1755b441d0de05a5,27e551695a2d34a681a930ed72edbd46,4e08a15c315f69907083bd266f22febe,c2494875353d814244bb87848b200711
151d0b7d991cebdd0dea7b3612417279,0c74ab2c0ab1fda0b380401a8b0378d2,ff14827ebec2de4dda7b6f42bc0b61c6,998cfd6285965880dddbf224b657d045,593ca63cf38d717aba88ffebfb6c9646,972ae52621668f045e61bd75160131e8
43d472b35f7461e4e414eef9e954ec08,0c74ab2c0ab1fda0b380401a8b0378d2,5a0a4838ec8cedc8fffa0d4b0eb55769,83e7a85f64917382488294d438e0ee63,f5cd8daaa646965b48237117ccc90584,babd2925f9a5fe57586bd10374bdecc6
2177f6ae88a38948f1627750e6879b4c,0c74ab2c0ab1fda0b380401a8b0378d2,7e23c3ce5f3b82d7ff5ca02d30200ecd,55846d5a331d50c09b1d583d5142d823,b7faff949a9f63986467cbcf1f0a0d78,7c994c3fb728874ff5bb1b9a731f3966
583c542229f95c50c1087f13c2c9bcdd,0c74ab2c0ab1fda0b380401a8b0378d2,b0a0620047a9027e09c322dbc8c903f7,797ec18f9f392629ae215be45af62c75,a5ae987a716e4cee132e71c77f8b6cca,c2494875353d814244bb87848b200711
9b0165d05de65e02cc9117b95021ec62,ec33af69da75485e28febd93ca4ce832,b1d34186bcaa76fa0972f75565f92f0e,39a5bef0c36432f095c29b8d8de00e11,adc811b4b759300085c61d87bba6812a,e01fe28f6cd12003e2298024321d97d7
30ec7b7d07a556e4d59348b15be890fa,0c74ab2c0ab1fda0b380401a8b0378d2,50ea8c1bbc0d10232fa5ddbfa0e27324,bfc1425247c41614382b1a4faecf8fa3,2d0dde2c0a902e7a78e6b46c3afe2eef,8175469f5b7510febe85d18daa424a3f
72d31d48e17634804a5ebab4e88ce44a,0c74ab2c0ab1fda0b380401a8b0378d2,e2f5e17ff0a21570003a301b6c126dc9,7a3002fdf699e89a9bd94a56f3f87b2a,0712a605e111143280856136d40d8817,199b42ae7daa539e3585d9e18f06376a
6957c84a15ec3239e11ac0259238dcfe,0c74ab2c0ab1fda0b380401a8b0378d2,f6d45991858494c19b83ddb411fe0c6a,9056a1b05397a3d2d8787390897be679,a49ad5ef962edca39d27535e22b649c9,babd2925f9a5fe57586bd10374bdecc6
2693d62710db536f42ccaf300f668099,0c74ab2c0ab1fda0b380401a8b0378d2,f83b38dfca25fd1eaf7a90bcf31a69d0,14fccb46114f1ed7b92d5445e8ce440c,3f3a5ee0868bcf3f30e2345896b08aa7,babd2925f9a5fe57586bd10374bdecc6
12bf934431eb0d1b0d6619623afbfcb6,ec33af69da75485e28febd93ca4ce832,7c21089853ae278431181e6512ab7707,499de048b1b88ca11903c46face60a7e,8d8f9e0b1d7431bde7ba589014d8e4fe,60ee0bc62638fccf2d37ac27a634a9e9
3c1b6d9e1c57f74fbbbe001a897b386f,0c74ab2c0ab1fda0b380401a8b0378d2,a5a5f00038212bec61665cd637bfbe49,ea983fe626bd76d2bf2ce2e8ad828b94,f90bbe3d20286d9c7434cdd56f392010,1aafcfcd9efdd2e7ac43e80ce77bba79
f3662ceceb29ddad27c9a353f128f50e,0c74ab2c0ab1fda0b380401a8b0378d2,88b74b18a21a7624eb2ff64dd9bf8926,1607ed8b6985455ec5fe9a2120848905,64bd3d34801a5bad96d47de8dc189f1f,1aafcfcd9efdd2e7ac43e80ce77bba79
8954c37d54b217d0b24b3594f4d24b4a,0c74ab2c0ab1fda0b380401a8b0378d2,dfe3e0570fc8ef2513c04247034e6c23,60af78c210d5751f1263736c6d08a28e,aa5582e1089d302585e21aa16fb1f242,f4e2db238c8c37d77a919786be26c688
781d58c7584ac40452530197cb8cdab7,0c74ab2c0ab1fda0b380401a8b0378d2,3b8ee348526351a47031329699baa00b,a90edec74c347c1b293aea94734488ed,7fcef46e05c417da42ca8f1fc9a84a20,babd2925f9a5fe57586bd10374bdecc6
205af851cfa994c3e3842f074051a551,0c74ab2c0ab1fda0b380401a8b0378d2,5549cf2c7e461c1401e0ec23eccfcc74,d5f8f40ee7bd375ca6a547f1247b06e6,3b9225963108b3c9ab82738c0996dfd3,00cb7dc58e4d443da8a6e0b7e641f894
8c3370abe58d7ea58d8523b94046b340,0c74ab2c0ab1fda0b380401a8b0378d2,3b5a1363ec02c35ef4adfc031079fc44,1ffefa63f64495736cbef0a733f2c774,526dfe1106a8327e8714f361bce9dd38,c2494875353d814244bb87848b200711
5165c72437aa04ed6914234b7d5a6be6,0c74ab2c0ab1fda0b380401a8b0378d2,01e4298ca0f276d6c97dfb7f5a2c5d4f,3971a7663b23a5b7116ba73da31c3e4a,5d339296464d4162cbd7ad68414f5330,8175469f5b7510febe85d18daa424a3f
71cd5c939ae78a4b548606319156d2c3,0c74ab2c0ab1fda0b380401a8b0378d2,b25aea7ea25a08940f7e8053231264c4,a8b63c573ed8a73e9099842c64114f35,04e8d7710da29f37844e4091ba8b0b06,0195dffd2c99afdd693bc2e05fd12d8b
fb237a03a4083b88ad9b0e32b27e300c,3079af37b1536156013166e9b8d9529e,2aeb65deb8a36d9e1832b4244c98ea53,0083a9e772177b9880ee1cf52af6b2d7,bdf9ee06d26f7af9439e571393d5ae4c,fe49170591dc892c7cfc442997e07d7f
6b018fe4481593f644f4cfc5cfb0891f,3079af37b1536156013166e9b8d9529e,0926f6408846dfaf0fb36ab12c24c11d,0194bf79064936ab2aa12ecaf327e21f,1eda4bc9fda728b5aa54ddff8eb66617,141e545582b5a2cab34abc42de957b40
6266e65e88ae377fab65ed2bfce5216f,3079af37b1536156013166e9b8d9529e,287589411efd214227ef06e6e0978c0e,d2eacede202a6652d0900834c2a375bb,3faa9e0632a885a76b2e02346556f27b,f57611add43f15fbaa6bd04331da3019
7336e6a98dc831842795f8fc587a7feb,3079af37b1536156013166e9b8d9529e,6701fa2562f57d0345c55c977f85177f,0af8978cc2f3807c1076dee4408e6c9e,cc1c5b5b721e1fcbe2d24f2c2b2b3f5f,f57611add43f15fbaa6bd04331da3019
6266e65e88ae377fab65ed2bfce5216f,3079af37b1536156013166e9b8d9529e,f522d4240df49738a1e6d14e7a78700d,0635b34ae4e338b3e9fbfd131ffcee5d,2858efe553fe9ff2a75375cdd139ea4c,2267860f043bf39437195f97d46520ea
ef4237cdc5c9aeb084b24ec0c997c0cc,3079af37b1536156013166e9b8d9529e,bf53250f49a6eddba49a8f1601948233,1870a771fe841847cee04ac6bf32b90f,95fc7f46ad0dd7c645e28728e37648db,141e545582b5a2cab34abc42de957b40
6b018fe4481593f644f4cfc5cfb0891f,3079af37b1536156013166e9b8d9529e,56b4d6861e0400b312eb26b90900e892,6f538debbb542aef72af7c9e59e912ff,d4a59721fdcdb13b7201c26c69fde1dc,212767045cc37041292a57e6335ab2f1
f8c5ce0870b733cbe47077547851972e,3079af37b1536156013166e9b8d9529e,d8846c078a88a359717b36d81282079b,9edb361ecd08dc54085c4d721d11d4f3,1f8e632a173086f197f66b074d748da9,babd2925f9a5fe57586bd10374bdecc6
9865dfd84d54b7395a26e702304ed439,3079af37b1536156013166e9b8d9529e,0d51bc90680f0469f0d4e421da02abbb,8cb28985a278a9f753c9910c4f315370,c755b270221d42143e3b335d9fcb7795,141e545582b5a2cab34abc42de957b40
4e7edafc833308a725ee39861f717bc6,3079af37b1536156013166e9b8d9529e,e50e8d863bbe0e072e6b98a1c26b63bb,e6f3e9a5a9a8fc7c6565ee44d2216260,8b193ed2933b7a40304eef27e80597cb,44aacd1678e49c22e7e309f0941b106c
435ed016439a6995dd0ec1d2bf39e234,3079af37b1536156013166e9b8d9529e,47aacd305f5f5273429a2be95578aa36,ec6542d7d3d2f821cd01bb85b11a796a,329292467dabb14688592376114a3b6f,babd2925f9a5fe57586bd10374bdecc6
91f32f80e4787327f2dd7d95899f2ceb,3079af37b1536156013166e9b8d9529e,562684ee9a6ff9cc94df931a6a53073c,483d3d13df6f26ac037c7867f75c0574,8425ebfc3f775635756d7cbcb0e42758,c2494875353d814244bb87848b200711
434361096320e0e2fadef00273c8b7ce,3079af37b1536156013166e9b8d9529e,3c8c7d681d44c2a64dc1648c929e4101,ca3e81ab8ac56c83512413d05caab504,9a0d4306c15df2c7b32970d99702df9d,2267860f043bf39437195f97d46520ea
2d0087f95c977181151679580ab43cc4,3079af37b1536156013166e9b8d9529e,a8635cd2d5acc7e6c16939f71ea427c9,27cbb164e5e3bf7cdbbcca57cb5f3ce6,d64843b183b4605cbdc06bfd0dd4955e,2267860f043bf39437195f97d46520ea
7105ffdee49ac2b589af7da2f528b6c2,3079af37b1536156013166e9b8d9529e,3fa127ddabdb7f2646db2947a972c79e,dfce3f1e8b48fe74d0c8a3fc51dd5e06,6eb5fea2209511048543b31933dae4ea,856f364a4cb46fd2958c5120d412b1f8
c34dd9eec4b3f3fd1f0880ae8cad963b,3079af37b1536156013166e9b8d9529e,2ee7a631d1257b7da24fcc104d4ad5a4,31402bcbb927c7dc4bfcc8e16afac5de,3e96d21b15b5b46d5a3e1c068d87e84c,c2494875353d814244bb87848b200711
e8fe59a06164025f0f723506b8df46d6,3079af37b1536156013166e9b8d9529e,9d11ff8eadbd61e50677cb6568707556,e1646f813551ca893ef6885af255e1be,236fe1ae3064d2854773378a8d0e0a6a,2267860f043bf39437195f97d46520ea
ddae6a8a7c3940654c9e8b6579bf54a9,3079af37b1536156013166e9b8d9529e,71ba37ac559228ccf93b694b62723111,b986e85ccdda154f94b25e7e78558a23,4d74775c83c363f29a26d4d449d3f7c7,00cb7dc58e4d443da8a6e0b7e641f894
7336e6a98dc831842795f8fc587a7feb,3079af37b1536156013166e9b8d9529e,32f1a3e0bc80686e9dfa5a8de7d93259,e9865ccb7fc5b8b7a4a963d2f3269bc5,fb7ca3f161bc0cbd3ce2535da5f3a03c,2267860f043bf39437195f97d46520ea
d1e6fa2a6b14c46f317baa86f415d371,57c6cbff0d421449be820763f03139eb,f39db308d8e864b6ffdb45bbf6e6dc38,3717b105cc7171642dd05684ed136c3f,64faa37c30f662907f6ead51ee9c0480,141e545582b5a2cab34abc42de957b40
0bbefa91930808a7121646d56975d714,57c6cbff0d421449be820763f03139eb,e7e6f74ed87cfc876c08654127c8d353,02ec7f0a18dcf657584d1279800e3b0f,30c1be885f7a36548047c65d9e6fab3e,54ccda6d29fed4b41f399682456d715c
2c89ed91b3672db086de7d5fc61297e6,57c6cbff0d421449be820763f03139eb,9024a3819e45b1321afe45f637851731,f72aaf58a3a9ba8c1195806ddaa938fc,43396df120440ea573d0bf6f5f5105b9,b988879906d4fae19c9071d268e5045e
27ef1325509736bc90acfa1351aca005,57c6cbff0d421449be820763f03139eb,a6597ad5cae3c80f2b73d27f48a6ab1b,e5c69586690509e076f021f88b9526a1,785d938b8ea8c2622ebc273cc827f285,e01fe28f6cd12003e2298024321d97d7
22b6ef9894adaf0c239a625d87844d38,57c6cbff0d421449be820763f03139eb,9c6e397e06f444a3288bfb7e5379a68f,b2f29c607f8e253c0ee83d27057d10e6,83bd82c7c07144ba3a8a0b1028fb3282,62d6ad878769f8372459d25e1ce8f5b0
de753813b38da80be7b10a032f771829,57c6cbff0d421449be820763f03139eb,25ff61440e5b2c66c1e7de2116dd4dd2,5a6a227d51649275921ba3758ea4aa61,4857a28777c3e869945976930c8dd1bd,199b42ae7daa539e3585d9e18f06376a
f4bfe7bc34371150b86adf40946921d7,57c6cbff0d421449be820763f03139eb,b2c22e4825933859661d8f82a552c595,bb856dc0cdd5cdd72a2d3cec0a0e5642,6ed64020b470dd17e8d095a30470ceea,199b42ae7daa539e3585d9e18f06376a
71e0100f4800127af9c8e950c32c162d,57c6cbff0d421449be820763f03139eb,95442aaffe1547a44677529c6c92643f,eae282857c45f7e4ac1e83f4507bde40,b2126251d41aaea3268944b1419995bf,2b65cd61d1dda6ee966527dd979a6976
b36b358cc4c2394becb62c7c3b54c983,57c6cbff0d421449be820763f03139eb,ecec4f5ea91cb374e7cf57d0b66e0aee,342e7bf5f1fc3c3e1481a2fee2b6cbe1,1c4e732af973926cd67d950e6582d6b4,1586bf3c7db717e44bf704f7dd1f2493
20d5a5a081dc1f74e1e92e8f1cec5c46,57c6cbff0d421449be820763f03139eb,55ecb63b1a4ee5fb3d324faf95b04fc4,e1156bdf7d9947f88582f072ae59c004,1528f9d43aefa662e1add74e4faa3cbc,eef4e33361d1377ab483a3c44cd2dd59
24c6f577cffb3539f72af6779ae00599,12c4d555895d11a63530d079d646814b,c5114740292aac93298bb311d2a33f6a,e9f819ab604e7544c6b7fe09dacfe925,6a00ad30afc0c6b13ea870fd08048bbb,7f1d2b3a4016c460a93cdca536f3acce
8a9adef29270c92c49d3d49cf6a6fcd8,12c4d555895d11a63530d079d646814b,16aa29f04daf9f38ae9e4358ff0f20c6,3c4fb88ec7e8a4bc187fbdf73c00a9b5,4c58b6a4ac300b73019f7cc7d841e1cc,7f1d2b3a4016c460a93cdca536f3acce
617dd82389ff2d345af7a79d6d7d562f,57c6cbff0d421449be820763f03139eb,2797ccee92399551a507f3c1a344ff87,54c8db55f4d8c67e4908a724e9859d10,1a33dde98c378df5750807af9559372f,c2494875353d814244bb87848b200711
38623117f7d8f7e29cef4efd6393bc8c,57c6cbff0d421449be820763f03139eb,98505596f8248ba514f0c4c5ccbf329f,e4bc2fcc93489d8e474b888041cac462,35da73d6fb7803b5722e5c72111c81f7,babd2925f9a5fe57586bd10374bdecc6
7af9637d10dd8db289ff4b760e7be268,57c6cbff0d421449be820763f03139eb,d191bde9c0a83a5bac764e991becb8c6,a1e1d1c746cd5a7cb30792eaedf43123,c782f368a069b8d66e5a6e774316611f,199b42ae7daa539e3585d9e18f06376a
bf558c79c84a30982ba2fa6d2b347a47,57c6cbff0d421449be820763f03139eb,9c0ec2723783f49e09349b370448b85e,369b4a938ff24b6c7ef69ec5149d49c5,ec1aa9cdbecc93ac42fbe22bae240a9d,2267860f043bf39437195f97d46520ea
212a4597ec6d8a595bbdee0e45a4d244,57c6cbff0d421449be820763f03139eb,51f22af21260fe8cfb6b9a31bdd1555a,88148f5b10b8239127c41f734c894286,b642ad83df946118e0b9c27bf16b24a9,00cb7dc58e4d443da8a6e0b7e641f894
187d89a584c0cef07e3d2d58a7c81e88,57c6cbff0d421449be820763f03139eb,322589294e9193e19b04ede4ffdd0426,593a1292a82bb45e5ba2677e776c47e1,bc5b48814038e2c090713952f6fd17f4,5aae6b4830a22ec4dcd1f1f40da2cb7a
ec3313f20dbbe5548b810cb32574f2bd,1ea404bf5d8c34ef3726059bf39f5338,e5016c617b57d0a575495ec2c0939df2,70a33387b7e6e37868994808ce189fbb,38997e0d105ad4f0c22a94cb4c690209,199b42ae7daa539e3585d9e18f06376a
16f788d5540262972d4ef76e9e8e1cbb,57c6cbff0d421449be820763f03139eb,b14ed50009a152d84ca5d0fa7968de71,7bb6abb61347fdce06458747072d72c4,f014ce9d6888b0aa91d1f310578f0ec0,e01fe28f6cd12003e2298024321d97d7
38e5e5a05d10fa678b29b08d811fd863,57c6cbff0d421449be820763f03139eb,3857029718a6e526058803f30398d214,07740f396227feab72ef39d473350599,6ba91ab7fc785adc0a51cca6da316067,82ca4b84d749ab029d1fa628a5111671
d4090e423033613b7a1cfd7717d50c72,d828829d92601eea0c85de47cd77ea78,a55ea3dfbe2cf5c1b10667962ae7b968,5dc5654f7e0d5fdb6ddc5a5817921f23,a943260ce10be9734de9cae552806498,babd2925f9a5fe57586bd10374bdecc6
c8029f8d6877da721fa7716db29de669,f2d776a7b57a0e250a5be9964fbdfa64,b1bd83498d8656273b43c5ddaa5ccf8b,34339a9c41956ea52d6420b0529d2716,029c90cd5f485b65a9b1ce8b2f2044fd,972ae52621668f045e61bd75160131e8
2abdd45dabc1be26778cef3d83f3f26f,57c6cbff0d421449be820763f03139eb,7f2fbe32f27fdf11b35f8635f58aa20f,40ee7602e1ea66d5aa708b568f7dc6dd,525f6a64ac82364b494a32900b183e6f,f13c631dbc22004eb055b5fed1a09aba
c09355411f2717b6cb69f542609cef48,57c6cbff0d421449be820763f03139eb,bcb898799d5bb13639e914fbeae011c6,87837b73a2eb9ff1106f1de374871dc0,8b314275c2fbb6b458445427a8001850,7c994c3fb728874ff5bb1b9a731f3966
acd92ab470b09c74b91d0de73cd04fa9,4b245576826b0ce2066a2af81d115c0b,253202759bf820696367d94db917da30,c2eaa7ffff20f80f9623f125f30d31d5,ef51841b8711f14d7a7f7134189f7d4a,8d5235757b246cf14287ca9fd20f96a4
74c71b6fa7a7d126725e5c2b71e8ba53,57c6cbff0d421449be820763f03139eb,7f3612fa2ed2ad163debd7bb59095dce,3565ac561d340ec50568cfb2fbd7c798,7c416ccef0e734bd0f37af6d67a87e0a,4757b7df2140d47d35c37e54a70ad41d
40f3fe8054d0365b26f18f7c059fa93d,f2d776a7b57a0e250a5be9964fbdfa64,ab7fcbc434195af908bb02d81d480830,b00f1886e01fe0b0d85d9d97c85db8d5,8e6de60a3b9ac7cf1aaf3ffdb10e5d7b,a1f66e4d3e5b27ed156f855529e4f46d
d99faf352e0824b5227f8d179cd51bfd,57c6cbff0d421449be820763f03139eb,66c6dafe85679af2f19a12354ebe0b4c,d0cf41590d8f49d4e742d059607dd718,4745048b67b12812fad3fffc74ad3b32,8bb7d1c11fcfe87399f2fe8452e1fafe
9937e29457fb921d5221e3d0f2770478,57c6cbff0d421449be820763f03139eb,52d15bfae00546fcc737b0eadafe9ab6,2635d4aa44984c968dfecac271e2f10c,73d66588b27f8c6a0b6a8c7265ecf13b,c2494875353d814244bb87848b200711
acd92ab470b09c74b91d0de73cd04fa9,57c6cbff0d421449be820763f03139eb,5849c410cf3f70067fc6551da1fc39d7,738bfec06558d3f7b7e9279c2d2cdf89,226d00247a009374be0bc544b0eafb26,1aafcfcd9efdd2e7ac43e80ce77bba79
5cf454322f92e42805415e6d0fc72b08,57c6cbff0d421449be820763f03139eb,a85deee5d47fdcdbfe15570614a6dee0,533078acd91fffef2a525239de4a3dc9,1fe43060fb6ae565d74765d3e1c43451,8fdfb5816a9b9f33eb7951b8d24af97b
e1cb420b6e812c610c2b8c50dea46f56,57c6cbff0d421449be820763f03139eb,7a8a950fe752b0f4124259b1c5410003,a7939c010f14b34fd634261cdd9b1517,6f773eaa3c882230369cbec7f68f9a2a,0195dffd2c99afdd693bc2e05fd12d8b
24953df224af2a85dede4b878d6f5f58,57c6cbff0d421449be820763f03139eb,7948ac7079fa474c3d469376a2cea8c5,d0f7d29df38fee14105c8d7f9cfffcee,9806bce3e952d634b2c4237c907a16d1,7c994c3fb728874ff5bb1b9a731f3966
14613c0f7cd5472f230f8ba3c776b026,57c6cbff0d421449be820763f03139eb,65dece9acbae4edf739eabaad482feea,2d5528077d59c38f15fbf0e9b05899a7,eac92447babc13a54541444058d67b70,c2494875353d814244bb87848b200711
1bf772a4710d7fa5b8395f3dfb50de7e,4b245576826b0ce2066a2af81d115c0b,2c0cbb738c3c76faf2765a0301f27d9a,c3b42a5805b0149c5a4ddb268a03c1c2,bbdc6efd6a1e4ee41139a986b00d44b0,2b65cd61d1dda6ee966527dd979a6976
30e0e72240d6c4c2b5faa1d92fad1712,57c6cbff0d421449be820763f03139eb,b717614e67c706b28d836937f887cf5d,bf7363097ed103b8157de111442d00c2,0d0ff3af8ba6b80aa3abfc1fe0c556a9,cfeffc2540fda42e7cd58bf6a20e9c44
0241a8122e2699c425054c837f6a988a,57c6cbff0d421449be820763f03139eb,ec513a97bb0f99bfdea007dab6cd3f84,91cf8834ddcac8698403a8e9c1dd895f,912922041e3c6e2df17bce0a246785da,f13c631dbc22004eb055b5fed1a09aba
f9daff5da853287b7a98be386761ef47,57c6cbff0d421449be820763f03139eb,b7410767c8b8bf6d4316979a550e2ae5,09aba14b14c1ddb10346068577d21b6b,a27208c7466c42d054442357c795aad5,8175469f5b7510febe85d18daa424a3f
35694cdc21896a81f356cb06c7bc8764,57c6cbff0d421449be820763f03139eb,30a10a438782f72eca12da49157aa293,d8d8efe5a69be67fc0cd0ce75a53f37e,6041ee79c22fd7d474ba4efb57b3f84a,a1f66e4d3e5b27ed156f855529e4f46d
fb0822a868f98081bf23901d973f6103,57c6cbff0d421449be820763f03139eb,bddde0c1026606ceb8e5cdef82cfaffe,0b3ca6ce5d1e027288997941e3c1f505,fc43b86ec6e2732f123f2db98e9f8537,5aae6b4830a22ec4dcd1f1f40da2cb7a
9c9f7b66082d211fa8839d8bb756022e,1ea404bf5d8c34ef3726059bf39f5338,1cca95c8c0dfc6ea0570165911fd1f80,b0837adbaa1964011bbba9236721e9c0,3b9d14126d605fbf68e2b14bdb6ae1f6,eef4e33361d1377ab483a3c44cd2dd59
f52eac0978f4a0ef7c28434f438e0144,57c6cbff0d421449be820763f03139eb,b42b3a134f63aa7478ffd45740e08718,de38e716ef2fb8100c7844c60e625d8c,953c942fbe3c5b447c8b3cd65826c66a,2b65cd61d1dda6ee966527dd979a6976
77be0224292139b68e4342abbec2ae5d,57c6cbff0d421449be820763f03139eb,dd7c2a9d351e1de8fa8e8e5cfff7e8f5,de7eeb7177ea271e3f8b5cbdd72b386a,a84f78bb70bc49a7bbf707ea313e53e5,8bb7d1c11fcfe87399f2fe8452e1fafe
14fe63e86490f0f35a16c8eeeba7e44f,603884881b06e7fa56a5b640dd76b1d6,9762dde6b60f229c0f2eeb6a78edc569,844cc70c1cce17728474bd4b9262c650,ed236c11e397d3d625973086687ba2a4,1aafcfcd9efdd2e7ac43e80ce77bba79
3eadec382e4ee171416c05e21c913098,ec94437d3ecd6471bbabb4b1cf12b88b,e693188dfb3452a95d9007eac3426199,56a77805a13f8c4299d3d19823b1340e,958222e05a62325f5477cd5245d3ac90,7f1d2b3a4016c460a93cdca536f3acce
5280605a643645274b790a20d5784148,ec94437d3ecd6471bbabb4b1cf12b88b,0bcebfe3cc6c123db37cd8dd2ddb8e09,5fe094af26b2d8a8788ba4557fb562c3,1e600bede7700a8cb28f0aac9d64618e,856f364a4cb46fd2958c5120d412b1f8
af10634d956969d62b4d92416494219c,ec94437d3ecd6471bbabb4b1cf12b88b,2ea6d68e2a8f13f36b845fec55adaf98,df51d5a6fe0f66a7459a7f663a969976,612bade0d0893682da5ab72ac6cac91b,141e545582b5a2cab34abc42de957b40
b62205ac1dde4541840f95ad12cf1525,ec94437d3ecd6471bbabb4b1cf12b88b,85cdaead113916a95b4f319b4695082b,038872ff96b5d4ec1e8962ad3be0f249,95f172b69d64ccca88efc67e012bd0df,0195dffd2c99afdd693bc2e05fd12d8b
b8a0590e03f5de1275718a11ce7b9a11,ec94437d3ecd6471bbabb4b1cf12b88b,4f180ed370196097cac444153e4da16d,8e056c8f607a4ddbc184a9ebe9e31e27,286061f07a9fbfec767c9f61d60d1111,a7050b133a7496ea15a181b722eb8db3
7169ec983e0b6c937162476c37f7c986,ec94437d3ecd6471bbabb4b1cf12b88b,241f4e4399f26bf59c044d09dcc8e2ff,1dc52a3ce8e15bb0566c93e0cb7d6060,4e3a74850f503e779da29f713a21efde,7c994c3fb728874ff5bb1b9a731f3966
d270652e2d5d5b73a8ac4b0979132471,ec94437d3ecd6471bbabb4b1cf12b88b,02aa9bc16e0716b8e00a1647bfa6cb50,23caba045b0d13b93c599bc832d3a802,8b83830452b0b86ca8194b99e48ddf89,8bb7d1c11fcfe87399f2fe8452e1fafe
7b3f63efb7d40fc138ea1c7bd42e5546,ec94437d3ecd6471bbabb4b1cf12b88b,299b17b5269d0c54a6bba8876b9caf2e,5d780e5793de7bb05259386cca92689e,a69491fceb7566b96aa79efd468221d9,1aafcfcd9efdd2e7ac43e80ce77bba79
badd00217e0a9c4031b241950e3c4824,ec94437d3ecd6471bbabb4b1cf12b88b,e65fe5a558f384d81ed155faca938380,0ec3122baf9884781e307a093c202213,e5f35f8f5318125a23251c16bde1b687,8175469f5b7510febe85d18daa424a3f
f36ec3383d98066941d67fc70be54015,ec94437d3ecd6471bbabb4b1cf12b88b,e7075934b62439c9816da40248abd926,4e8950610a60979c6ae03c19187acf6e,603b6ee727e6fb912d50ee4b42adf323,582b795ac295c6133170cdeb5a0449d3
a33e5ac7795cc48da2e75fc2e7cea2cd,ec94437d3ecd6471bbabb4b1cf12b88b,71193816fac000823e62aeafabc2bcd9,bec2b4b26091a783f21a753c36021847,d26549a47e2fb592f593caab89351316,babd2925f9a5fe57586bd10374bdecc6
beef290cd67c2de0312dbd460e2906aa,ec94437d3ecd6471bbabb4b1cf12b88b,28c681326762580028b9dc004cafd91e,a4bec795166421d8f80c76863eb05226,b446d3e07f93aa73bf8ad5c345172b96,7f1d2b3a4016c460a93cdca536f3acce
71f05afdd3ffdc8d67bb32751fced9e2,ec94437d3ecd6471bbabb4b1cf12b88b,83e9e81f1119f1f347b0d2e071c68d4a,c5d56a59930c7b8b528f68c655962df6,e542969ebc34b100c7b06d78aa250528,856f364a4cb46fd2958c5120d412b1f8
92ab86766b517f916020ed29a19ebfca,ec94437d3ecd6471bbabb4b1cf12b88b,106cb8a3c06be6452bdfe3d9ef4fc413,758336a6547d6ed52886d75dbdcb8f42,6795ba214d3c1a4eae2bdb4388d8a023,0195dffd2c99afdd693bc2e05fd12d8b
6ee3bae4bce47f20722c1547745bcec0,ec94437d3ecd6471bbabb4b1cf12b88b,da0b2a0fe76bff7c5f004133039d72e1,d1f9216b5ceb7b94df068634f0d7dcb7,5aa80928d3c4de1faf405b9976e1cb92,cfeffc2540fda42e7cd58bf6a20e9c44
cffa5963f8ae74f13d380bf520d4e5d2,ec94437d3ecd6471bbabb4b1cf12b88b,cb826ec7db3f290ff51edcefda2f5871,8537c010c5708c1e78b8e35bac786c1a,98ceab364466212084e9fe1795a4e11a,0195dffd2c99afdd693bc2e05fd12d8b
8ee9253c44db69dfa2fbca2eb6052903,ec94437d3ecd6471bbabb4b1cf12b88b,2e5f854693213685b5b44a73987e1aef,c86074a132cd54516393988124f671db,374ebcfccdf7e5ee11c399b3320d8c72,2267860f043bf39437195f97d46520ea
c6ecb95a230c179425084cd2ba84cd31,ec94437d3ecd6471bbabb4b1cf12b88b,7a5cfba79401de7e486ed0ad47b714e1,0387d6bb95098c57b8db2f708b5e0969,3781b8858743eacb212be8aa4318156a,1aafcfcd9efdd2e7ac43e80ce77bba79
2cf625b0db48fccce5aab09d74bfff7d,ec94437d3ecd6471bbabb4b1cf12b88b,7d3545f7005c2a9862d888d36450376f,be4a5761273e6d1a547173b9d877fac9,b5b11deb77db19562853bb13958db617,7f1d2b3a4016c460a93cdca536f3acce
317cd4ba476b07294d0a542b8a335535,ec94437d3ecd6471bbabb4b1cf12b88b,aa30c18c1b48de8f6e07cbe8a122a00a,fa3ff5e37d08b356708f9f8eafd5a8d5,f4a5728c6111c9ed4cb9de25ef1ced3b,7f1d2b3a4016c460a93cdca536f3acce
6017848206eca720084e964e8b1a76b3,ec94437d3ecd6471bbabb4b1cf12b88b,aa1194748c164cc938c0aade14c2b20a,d4857d074a88bdf23d0b0be769054afb,261782f2e2abf754ba2e5a385cb2fd5b,8e7ec3d9f3fcb6ee9da22f802ec8ac7d
dfb75dd6b08ae808bab3db6d50002295,ec94437d3ecd6471bbabb4b1cf12b88b,72cd316358dd20f52ada282e27abbc67,4e2bee17723953ab4d78c69eb8987d55,b0a7a549fe9ca11e574ed23849a8671a,0195dffd2c99afdd693bc2e05fd12d8b
6afb8c444b13f188e88ce9a1eebaf365,ec94437d3ecd6471bbabb4b1cf12b88b,c304a88ed02ef0517ee6ffff5c65ab9c,43cad562992d75d216376a64681567b2,49ed941cd9b5f8f78a38f666cb7607bd,7c994c3fb728874ff5bb1b9a731f3966
262a2fbe47455abed985f873b8236de6,ec94437d3ecd6471bbabb4b1cf12b88b,b8eca47c88403a9846b1ae534d60ae1d,00d46ee3b5b913551ead3f2f57983ba8,eabd6dc5733cf74b304d922fa8eb7df0,1aafcfcd9efdd2e7ac43e80ce77bba79
65fa3ffd90274aa4b35a09ed8fd640b4,ec94437d3ecd6471bbabb4b1cf12b88b,cded4ef2278a18b7f23701d4dd553c18,aacd4ec5be6608bfe605b91de3b48182,077e9c610acabd34348dc8e5860a43f2,582b795ac295c6133170cdeb5a0449d3
162d6c7188f421cc5d625bf23bd18771,ec94437d3ecd6471bbabb4b1cf12b88b,e8bcacf62d68736f0cd9d6693e93afed,ad746aed0fd485a68d7fea2e6407644e,91d4987cf95ecf9d7b8aa09690eac614,f57611add43f15fbaa6bd04331da3019
a04702b7aee8c170a75531f06051ca1f,ec94437d3ecd6471bbabb4b1cf12b88b,d71f2f6d4c050073db93ad1959d6fdad,d74b023012cdc7ef98116bf112a0a3d0,58496b17313a7b557fbb07563bcb83d2,1aafcfcd9efdd2e7ac43e80ce77bba79
c4cfe5e25c4789c8da780fd1f10363d5,ec94437d3ecd6471bbabb4b1cf12b88b,04eda8787089621f4b89fa7431c0d258,b6d005935c88105652c8e80e2a0f038a,1b8cf3f8964d9d59e2552c08abad7a7c,64e12ab6aa0d4c7473286d43b6a35fc8
66ccc11b6309e7964f60ea1fc03edad8,ec94437d3ecd6471bbabb4b1cf12b88b,4bc52cc8eaedf5a66cbad9a8ef528039,41f1143ea38e9810fb9e4234aac75190,a6d0be9456fc35c099a90a12561e6251,7c994c3fb728874ff5bb1b9a731f3966
98179e1c4d712637d2017029f96b3466,ec94437d3ecd6471bbabb4b1cf12b88b,90608dcb3c2783e4d6e78a5f92bf4f79,33342db94bb27c8f61a3a4b5078e23c1,256bdd03c5c217cdd3b724a65202173c,582b795ac295c6133170cdeb5a0449d3
8dbac1cdc32da1fc609c789443d55af7,ec94437d3ecd6471bbabb4b1cf12b88b,ebd5a59c60a971acafffa2fbe8e91a8d,afce388692650d1d0eb6ff974339d9c3,e669bb07836833d848946c514e645a6a,7cf2db5ec261a0fa27a502d3196a6f60
be47fcf6742b26a5d3862599bfbb2b7e,ec94437d3ecd6471bbabb4b1cf12b88b,5728cd903f0e12ac7412ceb77f00c460,cb1ae292411ffa7365d79d18d274de13,db2e0a17ea52e704d620923149dbb3f1,0195dffd2c99afdd693bc2e05fd12d8b
eeffeb70b7fb8d5d6720e975bf38a0ba,8ecee8ea1192b669fb2f3172f5c16ed2,30565a8911a6bb487e3745c0ea3c8224,17edb6e278d81a1e1c91733bb33bb23c,c46a3effb2f5d5717942c93c66308476,c2494875353d814244bb87848b200711
9f43ffff4c09e4d0ef8d8767b670af76,85693d9dad7ed74185901474e8589caf,e4c2e8edac362acab7123654b9e73432,78522ffbe96083864e368235d9ed688b,b11b2c4f5daa18b687db7c246719791b,d6a531098a767bbccdcf5d1d95c4fee7
f8abe1f7f6aeef3dbcb9c12ec0f3c658,4e0571f629cf706843b9910ea22cfaf0,d1bd83a33f1a841ab7fda32449746cc4,fd47420ea91354b72ac35f68fdd13c48,10a366957d3c0a199b56ebd172c33414,856f364a4cb46fd2958c5120d412b1f8
afdbb8e819fed40e59414b5d92882153,8fa3c0e49e09c864381fdc3df83a56fb,55c82b601deae028c1c5e87fd820923d,8ffee21510336ba1af3dfdb19ae78e92,68ad8c9232213ef484cef201e9596dd2,62d6ad878769f8372459d25e1ce8f5b0
05e40d36dc79cb9449a37bb9c120f2c6,8ecee8ea1192b669fb2f3172f5c16ed2,07078a97d66756f213dbca3e379bf084,4c01fedb3386fbec0af8e8146fbcd22c,de7b2c4aca1a7aa6023e9d97e2abf6d3,856f364a4cb46fd2958c5120d412b1f8
1d6c46651127454a9dbf9c274ec7673b,5cd1e8197c18fc917bc6720ea955c5ad,336669dbe720233ed5577ddf81b653d3,27eafad8e588d89de5a7f650cb677264,dfc1decafc4f79f14e496df2e4f5b226,6896bcfcb024865adf604adc94241809
a27cecb19e64bcfe28a262924bd9ac6d,8ecee8ea1192b669fb2f3172f5c16ed2,9f41f9f1c434718ae6e50ffba61152d0,b29a3099fe2e30ae7b6e580c6ac6482c,1460e1a258d1fc0c234c1275aab999c3,856f364a4cb46fd2958c5120d412b1f8
c7ddea98c9e41c09c5c120823a6f63b7,6f20d5a8bef098388fb6dfef67fb4bd2,01deebfa87b938c89ecb3dcb4effcbe2,6e779d06746ad4aa56086394ec5cc622,cb20226863dbb4c5a9650f3e1484ea6e,44aacd1678e49c22e7e309f0941b106c
a00b3561f699c5347f9bfed918472926,d7823bb0d19e6429f410250999bdee95,585375c1448bfa3494298bdd79408081,25fa33140be64ac757355b1d66429830,c99508254fdc581c84d4b5f338b6c05c,856f364a4cb46fd2958c5120d412b1f8
de75064fd2d3d4422bc2027cfdc8eca4,03ebf8e3c1df4030b55467d90d3b41d8,cf5f238fca8b6e155078aa41c175743a,948021f9929aba520ef9aa9e7a106ce5,67c24eed5aad9dd570aa56cfd283ca79,b4cdc4d89cbc7c0d18530c968674f7c6
c5bd9e6cffe9da292808703a02e5cbfe,24455b26b69a97d2d517cd71ef9c6669,43a1437f7f656cd8be7c996c58719e0a,c62ca1d5d33d22cb67133a63a2ede0d7,87bc438f4851fdb32d3d178349ee5eba,8175469f5b7510febe85d18daa424a3f
aeb3919d3468d70b0acd39dd0f77d484,6f20d5a8bef098388fb6dfef67fb4bd2,02ad845d2f8ac57a5c265ea083b2169b,1bc8ba91d002d15673ca4ad98f934e74,10b7da981042ea7788d54a69a3eff0e9,fe49170591dc892c7cfc442997e07d7f
804073680ae5733b060419b71375d408,8ecee8ea1192b669fb2f3172f5c16ed2,195863009ffa903e83ad7fd7e7db63b1,3cb19afbb48e8c89779925c370332603,305e23b6b33fcd1d11731ebd9264ce15,62d6ad878769f8372459d25e1ce8f5b0
1bbcbae116c06a6091aba0b6212079f7,8ecee8ea1192b669fb2f3172f5c16ed2,d61f96d43a7ec134b14bbddd8b0e59ee,554b2e509f0ed8c382ac0579e253e9c2,181ad865f27b42b21dbe7e52d0dca99f,2267860f043bf39437195f97d46520ea
1d234e0d5efc6405e355f8a11f2df590,03ebf8e3c1df4030b55467d90d3b41d8,038a8a50b863780fe4a43b7a263bb12b,4fb3c364e6a4c8aaafb608cefd8fd90e,1511b0972f49081dbe1d5d3ad67b05b0,f57611add43f15fbaa6bd04331da3019
8a00fd297b1e12fcc247670b5cfca25b,6f20d5a8bef098388fb6dfef67fb4bd2,cb3b88409b992ad809a378b1e4d65cc2,e4e42304568e0dfe767ed10346868d64,3b075d5180cfb349477cf9c07ed7bbd3,c2494875353d814244bb87848b200711
159008b0eb252a68eb65ed5db2af190b,8ecee8ea1192b669fb2f3172f5c16ed2,b940b38b0563c64d44704d877b2444c0,05970f35462847bbe5b27c961e5233e3,46362145b09eae2f36ef96c38f5cd97b,856f364a4cb46fd2958c5120d412b1f8
d61c5c37c0422144d76e6c735cc93f5e,d86a0ec3079fa3e4e120b50775b3cfe4,8011c1672b96b9446e250a64eb52393f,b9177a04e886de95d9d66f8964f878b2,5672764dc234d37da0eddf0c4c26b0db,a1f66e4d3e5b27ed156f855529e4f46d
41b87af9348a493c80be76c730f9faa7,85693d9dad7ed74185901474e8589caf,125dcaf4533b218d3c5dfe19e4aa8a35,53a66b6be63ff95b9b34bea0c513a173,32656d00d5707def5219ed42be21cd1d,62d6ad878769f8372459d25e1ce8f5b0
860b1e60096b70f569f2dfb901766e37,8ecee8ea1192b669fb2f3172f5c16ed2,1167923154de4dc45df2119c4dfb16d1,6f01d3d4cf43a60ae5c706ce33492cb7,a2f8421ca1b39c24c2120afe81737988,efc7f4968d17d50faf7323366727f2fd
99ec8c97ccaba430ad2fbb37c7781699,6f20d5a8bef098388fb6dfef67fb4bd2,75cf3ac5e70c76583be3efb5012bd44e,550fed4aca3b14b8c6570821dd18341f,87b0f2d613a5f9d383fb1064f7a260b3,856f364a4cb46fd2958c5120d412b1f8
61b263ede63bea15b3b09af8c67c6a28,5cd1e8197c18fc917bc6720ea955c5ad,9bfd0a8df0d02679f02a45b507f64385,50b483d799f6b531772078e9cd0fa509,fc49edd5505bf3f23d96dfd85570d4f5,2267860f043bf39437195f97d46520ea
f4fb640f62250920e6fb32e3cb6264cf,e76318570844fcc0fbb036aa6b6688be,f3ef643d4e9628031516fac81dfba156,c46f59586b9760124f33015781dd3232,609117ad8f60cae4fc7e83ef68b4db42,babd2925f9a5fe57586bd10374bdecc6
141afd5772f41404c40ef845bb945237,0c74ab2c0ab1fda0b380401a8b0378d2,6bc071ec71e51c704acd13cdc898fd93,47b782d76b8cdba0e64f349382b30225,17a513ba748575b4c49655d5afa8e189,eef4e33361d1377ab483a3c44cd2dd59
a375e94d34d4913eeeda5fede209c0e4,0c74ab2c0ab1fda0b380401a8b0378d2,e237633a8b413a04dd5028207f03c1c2,389e652ce418e337d88603a69d3f8c3e,4211ecb694060e957cb45cd38d8dc2eb,8ecd8eed6f0f4603c4c0c4ab8cdbbe78
1c99efc477ddb41a05adb0ec8066c187,0c74ab2c0ab1fda0b380401a8b0378d2,483caca5435deb51f412fc8d3932f4a3,2d3468c3a1e9f413be094b5fa488c512,caff8b37266561a8d4e60d5f7e74e60b,eef4e33361d1377ab483a3c44cd2dd59
2726c8f5e625f3d95bc06ae6cc7a0f7f,0c74ab2c0ab1fda0b380401a8b0378d2,f06d71fb6cc69769c1ac90500d6571c0,b61ea0de105553db089db115c6722c77,ed8990bfc792fa355fb5100ec2fd5d65,8d5235757b246cf14287ca9fd20f96a4
ac986ccca787a15d743eb654fc703a1e,0c74ab2c0ab1fda0b380401a8b0378d2,7cbb500edc04c5aee29d74bc3f2dff1e,2d291f864dbc3decb0a2199f5c57812a,c0b42948e65ec66b5d1e0c3ed120f595,fe49170591dc892c7cfc442997e07d7f
1b47f7d143fc863f0659307fe9f06766,0c74ab2c0ab1fda0b380401a8b0378d2,722b64cc1d98eff6ecddb98fd05e0eb5,9e2c3b7aba8f05fe9b6c310e287def96,14e98316c0ff18e8888186cfc28da61c,2267860f043bf39437195f97d46520ea
ba13a0cf27eac55a6625710e86abb374,0c74ab2c0ab1fda0b380401a8b0378d2,75e52536221d4b6a5788a66054c057ab,7111c9b4d184a84cdcbd9715e96a7d47,eb4ce7f3a78c49b7c0fa649f6c8405e5,d6a531098a767bbccdcf5d1d95c4fee7
c067dfb3bf6fd670a02d228149b95280,0c74ab2c0ab1fda0b380401a8b0378d2,5ba1de412e01037f8843d097dcfaf28a,3562a7be622c1ccc2dc9dc6d8e5a2105,3994f99d7b6e9198d97f14c1aaac041f,44aacd1678e49c22e7e309f0941b106c
1fe2a17ef74afeedd7193f8b2386312a,0c74ab2c0ab1fda0b380401a8b0378d2,7c9d5fbcdc5ae18a05e0b792cfccafbf,aa47f8215c6f30a0dcdb2a36a9f4168e,76bd7e2129985ce6541d128ec1e538a2,44aacd1678e49c22e7e309f0941b106c
74bbcf4f27c0795434063b165437f99d,0c74ab2c0ab1fda0b380401a8b0378d2,96a64b03f04a3b74898ec8ed78322795,fd2ef03252e9885fef88dd485d211c5e,355ca38422b5d853d02acd7dd3d4e876,972ae52621668f045e61bd75160131e8
187e71951fe76aa435ee72f4f1ed61ba,0c74ab2c0ab1fda0b380401a8b0378d2,12e9099d922d8928c4087e78fffc4975,eab1ab9f7caf9c7790e0c9807b6dab86,1c01f1d76eb063be2bea25211e37b60a,2267860f043bf39437195f97d46520ea
86f64bd6c06854fee419dbbcb435ab7b,0c74ab2c0ab1fda0b380401a8b0378d2,93360a389c8af78b575d020687b92a38,35501d63ff74e401685f675c5db9bb9f,8130ecbfb7575a31ac9ab91daa920dc1,eef4e33361d1377ab483a3c44cd2dd59
4c7b39e88f2209216fe533964371f444,0c74ab2c0ab1fda0b380401a8b0378d2,e2e536cebe0aee01493dbece3a42cf40,31e32d933385a2e36c483aa4685e0002,f8d81d6f63fd1df0c5448919d30b370b,eef4e33361d1377ab483a3c44cd2dd59
28cf80894d93d4f4f8ff42c9725bbe0a,0c74ab2c0ab1fda0b380401a8b0378d2,b7b7f1f20b3a7bc8e85fb2c68abe65e8,056eebf0088bbecf09149dd8acb207ab,3872371b669e60a58db6ef9c7d7b9667,eef4e33361d1377ab483a3c44cd2dd59
311cfca52477096137c463bb59dbb558,0c74ab2c0ab1fda0b380401a8b0378d2,d69a346be5f3f1bef9b35ede8a818439,40fd93e5af01c8234b62e8947962206d,548b362550ec4a62a57299794ccd63f0,a7050b133a7496ea15a181b722eb8db3
38a6e494db0bd8a6ab16974128821135,0c74ab2c0ab1fda0b380401a8b0378d2,140c93142d2695247f269ee4af3001b0,f9790b7516f6e671fa2eda3013756b5c,db5ec5be91f0838f8997442638a1ba32,62d6ad878769f8372459d25e1ce8f5b0
fceac0541df3ec674bf38644c8711a68,0c74ab2c0ab1fda0b380401a8b0378d2,9dee5f6942b84de13f76d9f70b07eb85,a7132bb8e4d339d79e41fcdba3ea4f9b,c0f150a88232f08eea75f4bae59b0a9e,fe49170591dc892c7cfc442997e07d7f
a9de549ca57adc152d36819606478b0f,0c74ab2c0ab1fda0b380401a8b0378d2,40e5fa722621b4033c15162806b7ea2b,1b04d63536cda789654e0ff647c4b903,14601d58565d65b535ddca2adcb96d28,fe49170591dc892c7cfc442997e07d7f
0098dea09798f951712adc0afa245de1,0c74ab2c0ab1fda0b380401a8b0378d2,4a646b1b2110f8fa7a3f4a6cedb151b0,e5a0b30b725e26f0f7106fa17fa03c49,b4c3f44f1d6c0269d993becba82ce995,f57611add43f15fbaa6bd04331da3019
ce376967cef03f7ede27e99bdfbc1c30,0c74ab2c0ab1fda0b380401a8b0378d2,877583b20242df11218fe61eb534fc09,2007f458042f140db9814d3dc39226b7,3a313237425b07b6561a3a8c34f64ba1,fe49170591dc892c7cfc442997e07d7f
de952250b3b2cecfb83a8898b066147b,0c74ab2c0ab1fda0b380401a8b0378d2,a03bdd25682780f8661fa342cadfadbf,852790b17fc07cbbd7fa0f25009e204c,4d0f0c9ded1ea5e3ad94425f79681b81,212767045cc37041292a57e6335ab2f1
84ab81fc5028cce97a7262df174773a7,0c74ab2c0ab1fda0b380401a8b0378d2,92a711480f80a6d21f2ff5643393461f,60dc9af6f1a02cdba52f9b4112db7b91,b77042e54e7080fc642d2dfd722b49dd,fe49170591dc892c7cfc442997e07d7f
d5e6635e698819f88dc9893b288ade5b,0c74ab2c0ab1fda0b380401a8b0378d2,1c8c442e6d28ea78b2d1602b4e27a159,9efd4b3b4903776328768350b4a8419e,e15a43e3b1f8740c812b341ba240b377,f57611add43f15fbaa6bd04331da3019
985524b52151b964d348c0780075e5cf,0c74ab2c0ab1fda0b380401a8b0378d2,303f2c22a233ca7dacb21223d40822e1,4061838f4395ef541fb1b3f07e42bc21,d9dede3aa69c36a5f74413312c3139d7,eef4e33361d1377ab483a3c44cd2dd59
4d77f1d898d352cb67191feea09d2789,0c74ab2c0ab1fda0b380401a8b0378d2,f7dd5d429a9ccb122c86908e234eb8eb,d08b0d13b044abeef911b8940d621ddc,af95ad0811e1086839b99374b093bfdd,8fdfb5816a9b9f33eb7951b8d24af97b
dbff2911a13ef6f51ab534ce74ad1933,0c74ab2c0ab1fda0b380401a8b0378d2,ddd2e8c220072a5951b37078518ba809,16024d2cbc84065fd7d82476ed98bdd7,f8273fa2be9af11c6b8c02f674785525,0195dffd2c99afdd693bc2e05fd12d8b
174e3369834342cb9cd5acab674bc7d1,0c74ab2c0ab1fda0b380401a8b0378d2,137d60699bacbcc0508f885a501bbb20,ff191f364e0cd5cc595d8bb9059b7898,a665706c80f01ce4cc7d66ec7ccb517f,62d6ad878769f8372459d25e1ce8f5b0
ca0f3f8d9d1bdaa7b8aa09732baebec3,0c74ab2c0ab1fda0b380401a8b0378d2,88bce6f1bd04b8521f1167b5a6dec118,e5880316fe5f1409c8aabbad431d66bb,5e3873d4665c57c5fc03d02d86231e58,f57611add43f15fbaa6bd04331da3019
a989457c2f06b0de46b19bca7742cd79,0c74ab2c0ab1fda0b380401a8b0378d2,80db92b0637cb7118f92e127f9019554,e90a0433fcfb608676fc35157ee0761d,304e9e08e698c158def527f828aa4029,eef4e33361d1377ab483a3c44cd2dd59
4ee8392bc85c6c22270c7e30b2a6608c,0c74ab2c0ab1fda0b380401a8b0378d2,c8612aa3e32742f45386cbfed5b868fb,a2349c83a053aa078ed304582c4866d5,78a1cc8f60271563bcad6840b8df4c14,11eb6dd2f9dcf57686be6f609d853f9c
92db5381e488e4e1459fb54624093e3a,0c74ab2c0ab1fda0b380401a8b0378d2,d972c142b3ea3d93fa4d3ac5d1b03e40,d64cdd5b226a525be633adf477c3e04e,d53c23949d3dd196b5d96d9647c7b1fe,cfeffc2540fda42e7cd58bf6a20e9c44
ed8776bb92a3754620901d15df1d02c0,0c74ab2c0ab1fda0b380401a8b0378d2,48044bf058c2d7d21b311b173a0ca7e5,f480034fee8f39994f1989df74cdd206,0049d5a902e0f87edec21f498a774d21,f57611add43f15fbaa6bd04331da3019
0408840d052e7759e3b19e6af3678805,0c74ab2c0ab1fda0b380401a8b0378d2,e4878bf957c08a7ceaa9da9677015254,b0f24eba496624aa165901a5cfedb69e,5f93d84dc753da48e4fecead3234454e,eef4e33361d1377ab483a3c44cd2dd59
390eab4931a310435a59290fac588519,766f0081408dd1691fc99860d9922c1b,b249b5e0494c74b56eabaeaa08d04f5a,bd0e692d629072788e2a3a9587e26d17,dce461d24d21ef3c2ae3599655872a6a,eef4e33361d1377ab483a3c44cd2dd59
20d7b5958b7d0a4ec71a39875db2e52a,0c74ab2c0ab1fda0b380401a8b0378d2,afe6feff51a8544b620bae834da406a3,d51f3c75738b2f850e89ca28a990266c,7c9d2f3039a1f2fcf275a6d8d681b8a4,2267860f043bf39437195f97d46520ea
96022d16fbed551832c3121c5a306869,0c74ab2c0ab1fda0b380401a8b0378d2,9ed469ac3b8ef2d21d85e191c8cd24cd,0aa918eebe54330f1dca3803689731d5,98b20f08b72d694b39fb0253b68bcc86,d6a531098a767bbccdcf5d1d95c4fee7
448aa293e87d2a3ba788f611be1a81cf,0c74ab2c0ab1fda0b380401a8b0378d2,4d4670b3c218e9bf35df4f1a5c418160,3cd79b8f152e0f6dcb12569378292d21,37c5d6d31b7dc27d7e2e058329b3977b,8175469f5b7510febe85d18daa424a3f
bb8be0244a65739f31f7c47917006031,0c74ab2c0ab1fda0b380401a8b0378d2,56cc33282f4f810d3a644bc652263a7f,225a7b47c09c74d97576772419eb96cf,72fdf61c35aba6317fe707eb52a80f9c,babd2925f9a5fe57586bd10374bdecc6
4be53063f8f58d78ddd8cb574558fc89,0c74ab2c0ab1fda0b380401a8b0378d2,3cce89076f5c4f5e6d2e5a55841166c1,e07e47be6a8a05764be2019e2091936c,4882d30ca89bd83eabcb1b928aa8fbef,eef4e33361d1377ab483a3c44cd2dd59
07263b57d9e5205b717a31b9020e9b7b,0c74ab2c0ab1fda0b380401a8b0378d2,73aa23ef8363441b157cde7d6cd0f634,0d5e9738de428b35bb21f60be2fdeea5,b006edb847b45ea4baf475aa591e0181,c2494875353d814244bb87848b200711
73340424df02cf4c00f0ec3fab483acf,0c74ab2c0ab1fda0b380401a8b0378d2,a97b99dffad9a9cfd7b61ea9d0a0831a,00d1453be8e46ea3c8be197c7a7fc1d8,d18082cd35a3db5c242c088235dd3389,eef4e33361d1377ab483a3c44cd2dd59
098aacb8a57560127976353908f8d206,0c74ab2c0ab1fda0b380401a8b0378d2,15dfeaed9b9157eee521df71b3cf4ef0,628da333d4f54e9be8317bf1d46ad52a,4a5a78c50f9b178542b0a1d0a8a8ee0e,709ac5dd9635e01c88c252291f72e382
168e5de01993a9492f292d0cba777558,0c74ab2c0ab1fda0b380401a8b0378d2,e9cfad435db9ad160b69fc0df3186a8f,dd3067e9ca86d804709b383cf8059c18,8e04a3ed8895031fc501c26521ac4751,eef4e33361d1377ab483a3c44cd2dd59
dbc91c54abe3c567f9d92709b105d1e7,0c74ab2c0ab1fda0b380401a8b0378d2,6588dcc9c8cc809e661f977c517442be,267cacfdad555e541717a25e29dcafd4,15fc837eb67b3465755e94baca1e7757,e01fe28f6cd12003e2298024321d97d7
91f32f80e4787327f2dd7d95899f2ceb,3079af37b1536156013166e9b8d9529e,03b4528282851fa9f10e6c506bedc91e,6aa8accfe2435cb30d1534690e56f050,57d741043f0165c7c88ef645be20c193,babd2925f9a5fe57586bd10374bdecc6
7336e6a98dc831842795f8fc587a7feb,3079af37b1536156013166e9b8d9529e,ed89a83ee80a78ab44cbc1b0c34e9753,3cc546399f6c83581eb9fa7de8deccf2,c3497eb3c5b85c42b2cf75c8e9780b89,8fdfb5816a9b9f33eb7951b8d24af97b
1bac9f3a396382e8303c6f31a93f2408,3079af37b1536156013166e9b8d9529e,6f34e74684cb3a27eeb9fc6c62c1d07c,987a2e4986cf129757e089043a21a914,2c580247b06c0fc2c2f1677dd142fc56,62d6ad878769f8372459d25e1ce8f5b0
4d761682c94606decb400332616feb25,3079af37b1536156013166e9b8d9529e,d5b74c78de83e63c50a70bc02ec1ecbd,06e024c2f117a8cfd3936b1f5b2532ed,dce9cef3d5c13ab3e39b49a7d3feb66c,44aacd1678e49c22e7e309f0941b106c
60a0fc6b87394f85007b11e386f1397b,3079af37b1536156013166e9b8d9529e,69d203247aed2ab25273eac107065894,12931fc84448a34cc1b4ca75856ebe0e,fc47e2f8589db1ff5ac1a15296def251,b5b28563d06abd68198cc5ff42ece854
d2483b79885514f2fa08f317e4dabcc0,3079af37b1536156013166e9b8d9529e,36aa1c1c8c691c345544a76f5f8beacd,44408624b486ba36ad2506ddcb1bfe60,fd3fe6c0073429623b609a6eae1d364e,c2494875353d814244bb87848b200711
309e158495c77dbd12bc3673fbd43527,3079af37b1536156013166e9b8d9529e,19ca1e8274ab2a38604c8baa84ef7baa,6839944d34b1cdf773b6602beeea53c2,9aa0151b98193bbc923bbca41e5d516b,c2494875353d814244bb87848b200711
85764a4b1bfd1292856a16c2002b8077,57c6cbff0d421449be820763f03139eb,85743cf641d247232d7c0d667f1bf071,22ab52839fd28a58c124b26498c7ee69,b27e45cac5fc2792c73c3209f051f75d,2267860f043bf39437195f97d46520ea
f625c7f550f5108961f140e41a8e8fe5,57c6cbff0d421449be820763f03139eb,d59a50044b316eefbe7eb171e52e29b4,b690243e8f92504cce41a9eedd0215f3,c3a89a1d4621b224d23aaaa3fd5a8c9d,856f364a4cb46fd2958c5120d412b1f8
dcf7a4becf361a1aef193dd65e05ab79,57c6cbff0d421449be820763f03139eb,f7c67cf7842fb4ef81dad94c891037f3,b90608c65af0fe98e5a6b92c7e4cf6f2,818b0d6cb0fe8547bc3fe1479ea15662,c2494875353d814244bb87848b200711
585d6981c47dc2d77bbe148a685c1da7,57c6cbff0d421449be820763f03139eb,1c8bf4c4109e66e14eb8ff4ce184692e,c5d4fca0066ef0dff5d655b7e27c1140,dfa1aeb2f5344b62f87acf2716cde02e,62d6ad878769f8372459d25e1ce8f5b0
ccccaf7b560c93ab0c0de69150157829,57c6cbff0d421449be820763f03139eb,b0ab11ed2ffe11641a8c4c646c644337,fc96aa153cad726f9268135184a38392,23f4e76c056c21baa0c3e2129de23e70,eef4e33361d1377ab483a3c44cd2dd59
795c63d03b91ebf79e1a413815596584,57c6cbff0d421449be820763f03139eb,a0daef9095a866b7c3652a1bc0d2fe8d,57b83c0b63c24757555e92eb85f607e7,203eadd333df643ecfebadd94c8028ee,44aacd1678e49c22e7e309f0941b106c
e37d4c09c912202fe328477f5092cf24,57c6cbff0d421449be820763f03139eb,8ee5d21b272d43a875504f3e5845e141,847adcb0ec9b933000f62184d2033d52,0dd3d4f3d70b0d9254cb163ed7d62076,a1f66e4d3e5b27ed156f855529e4f46d
383c4d3cd2bcc98de065eebfaa0e4b7b,57c6cbff0d421449be820763f03139eb,c13125bebd2436f7de19a1851a697d98,3f09ab509cdf1ea3043a68973d5387cb,b21bb27a98b710a6c1334c3c8f5247aa,8fdfb5816a9b9f33eb7951b8d24af97b
a3f5393259bbac307801c7b5799e66bf,57c6cbff0d421449be820763f03139eb,7a048b79b896618d13bedeac8d12629f,d85fe86a8e057bd9f1258b0e8f03f679,87988fba9d7d29ae77ea97d1ae93a5c1,141e545582b5a2cab34abc42de957b40
286cd12fdb8db1fa5058b3fe2dcb9dbc,57c6cbff0d421449be820763f03139eb,3d9c91dcfd2ae63a3962457bb69d58a0,f77ddcebbbdfee65a5f46244fe674eac,d41ce79c2a3d79a154e10361817d1b26,972ae52621668f045e61bd75160131e8
2d895a04be89a76c810ae18c922801ac,57c6cbff0d421449be820763f03139eb,1565112223385200bf4e930cd44e113c,96d2f587b30a5eca225a4cab6f4c329f,e346f515fa5cac3db80966107f42680b,00cb7dc58e4d443da8a6e0b7e641f894
84da8f93613b1d1a446f7b5561b35dc5,57c6cbff0d421449be820763f03139eb,1e8b524ec9aa0f1a0f4cfcfd1bcb5f35,d6e25331fdf528b9d5e806a4d60f2862,0d2a2339867f5046eec1dac5b8652f89,2267860f043bf39437195f97d46520ea
f0d3f54406a3322d14bdc6c144f1fd27,57c6cbff0d421449be820763f03139eb,b45b4f24d69e7eb987064d0d6b0f83b8,b3e639566a5998df956b8388bd860969,0014a8cc38fc318ec9ecc4ba66593ddf,199b42ae7daa539e3585d9e18f06376a
830f0fe51ed5d87d69a3a72e91adb617,57c6cbff0d421449be820763f03139eb,d5ab2b0de178db55e4132a371a543b4b,6cfd1270738fa4b39b76d71a39cd0553,dd4e0176b14fbf91717ef6d652564254,141e545582b5a2cab34abc42de957b40
6adf5b5777c71512cb0b40bc40711d91,57c6cbff0d421449be820763f03139eb,4a0de962414199fbda294c3b4949cdc6,7af771963d050f7d5f303972ddccab3d,717da55d087f311e45da8f447240ed24,eef4e33361d1377ab483a3c44cd2dd59
d61457fedd249e477952aec14f1e469b,57c6cbff0d421449be820763f03139eb,50191bce8ceb3f3a8c96f0eb59133e93,de666ece13f65014b240428b5f543d4e,77d179043c0b6de9089cb31c47739838,eef4e33361d1377ab483a3c44cd2dd59
d61457fedd249e477952aec14f1e469b,57c6cbff0d421449be820763f03139eb,a5efe444b4090e202d78340494947f63,ad0d00b101377009570b6a8fa39b823a,77d179043c0b6de9089cb31c47739838,eef4e33361d1377ab483a3c44cd2dd59
ed126a4c14f15e0bd12502485098368e,57c6cbff0d421449be820763f03139eb,e9eda2950317b1a7207dad4d91c03d87,882fdb798108329d41aef26c13430ec8,f8fa78d6d116088fa294d6784d4edae2,fe49170591dc892c7cfc442997e07d7f
59c9c7972183b039ef2b68f435e99b4a,57c6cbff0d421449be820763f03139eb,5c3190663abcd264e2b7071855c0af68,43b3fa47f36af1ff5f4200db6500bdc0,be07d2df4102138d03e92097487777fa,44aacd1678e49c22e7e309f0941b106c
b1b3fb67463d75e3d1a8554a7013810a,57c6cbff0d421449be820763f03139eb,bedb2827cbd8fe748cd492d3c1d071ae,d1e4d21f80290019a813e00ef56b57b5,f8eeef099c0a64be7d3a3a1eba6d3fe8,2267860f043bf39437195f97d46520ea
0e58772adde4e8689f2c72e84e20fb8a,ec94437d3ecd6471bbabb4b1cf12b88b,f553930a7a03650f3f9eb1ca3949307c,1f914cddaf7626096771211df53c9256,beb3acee36f50e52fc5ee317a818cf38,44aacd1678e49c22e7e309f0941b106c
09487558410e60fafef47e2f0c9559b2,ec94437d3ecd6471bbabb4b1cf12b88b,541de8a5e497de0352c9344434e54fb1,65cb59645b852c2394ba3ff8b295e83c,a5d332d74a89f402b8635b3e3d806aa7,eef4e33361d1377ab483a3c44cd2dd59
262e49b1e14c5f30f2db591c4b86a73b,ec94437d3ecd6471bbabb4b1cf12b88b,2993d6c487b8101c0701534ba325cb91,0c34e297ec92ffbb7f805e7facf32f2b,235112f645cb1b37a2b06bec4dd550e6,eef4e33361d1377ab483a3c44cd2dd59
ca3fa38d04850cc74fd2e8bc0bebfd55,ec94437d3ecd6471bbabb4b1cf12b88b,e890fd935d42662a1b05500c1079607d,4b2cac32ad8cccaa9816ae727d62e4a0,252227e9bf6af60f648364fe8ef40913,62d6ad878769f8372459d25e1ce8f5b0
4f0ae3bd6196e2dc47bdeb45c573c94f,ec94437d3ecd6471bbabb4b1cf12b88b,f8bf7a3d85220a8f3ee440a3f03fe861,2efe354baf0930ec0889138deef58871,880c00a6f3bafbeddaa2c464d011b011,eef4e33361d1377ab483a3c44cd2dd59
ffb25232ae6bafd642a2afc60f46acc7,ec94437d3ecd6471bbabb4b1cf12b88b,695b1e4ea14a79745f55805749ce85e4,f34cd10adda911c32c4b8b9035b2b5eb,6eb2849c63f999307f37cf1d64cbdca1,856f364a4cb46fd2958c5120d412b1f8
3ef6a452c4a2e578f9047cf39741db58,ec94437d3ecd6471bbabb4b1cf12b88b,62dca49f0781bf26b4305bddb0414bea,1f84c00f0446e4c4440f45ad2cd32bf4,bdf30518a171cfbd9fb5f0c9c23d83ab,44aacd1678e49c22e7e309f0941b106c
56575837c61fbfc74a71955112da9cc5,ec94437d3ecd6471bbabb4b1cf12b88b,c8ae311bd8be81d964e74836de6aaf81,2c2bf36584177897475f3862678e0b18,8ebacbe3ac377bc4bda6120e6d25a8db,62d6ad878769f8372459d25e1ce8f5b0
a43d78725b6b51e48f38884ca7772eb1,ec94437d3ecd6471bbabb4b1cf12b88b,cc4a8329fcd15df2ea78ca9a77515da0,e952da15edbcfc35feff482115960f06,e37fb825318898e547d4bf90ed817d5f,856f364a4cb46fd2958c5120d412b1f8
7a5bdb1b158b6f9fc1025e8a17aa02de,ec94437d3ecd6471bbabb4b1cf12b88b,c14f6bae22c38f041e2b9443313299e7,f2545d2c865d7327a00b018044c6d66f,3fecd1d18232b9b8d8b36243815a6cae,1aafcfcd9efdd2e7ac43e80ce77bba79
aa4f22b4c81947fe92b8a8519172f306,ec94437d3ecd6471bbabb4b1cf12b88b,ca5e19d1817228ee74a8e6b29645d769,c1ed570c1156a407a2fe7f1d2e56fd64,ae61df5a5b89070aeb6a92ece25af6b5,44aacd1678e49c22e7e309f0941b106c
7db0076d2160042895158db0703128a5,ec94437d3ecd6471bbabb4b1cf12b88b,82b080f60e871ce7ea4680f9ab361930,6cabdc37447620ced09a61f6a3de00fc,2937cc0ac4faa89594f5eee1e63958f5,cfeffc2540fda42e7cd58bf6a20e9c44
6a9d3291ae5a5c9e93a1a9f4132d7c3a,ec94437d3ecd6471bbabb4b1cf12b88b,1b9b7a2defaa4638ca24bd0423b4880c,8d3315a4ce3e14a134d82ec5b0241168,7f103d02209b08148ef89e4c5dac0a0a,44aacd1678e49c22e7e309f0941b106c
c2eca28468bcb75e1056e2b677dbe8c9,ec94437d3ecd6471bbabb4b1cf12b88b,01356fccd947265bc17da7838f931a43,cbd5972a91bc9b3bc5c037d3dbd0c61d,1e322ed9effae91ba6ce3240e0948270,8175469f5b7510febe85d18daa424a3f
ddbeff7454fa7a7308245ef9d5e20bf4,ec94437d3ecd6471bbabb4b1cf12b88b,2553d1ec5d87cb39b165046549f30760,957136e0a97c22d22227eb6b71bd063a,5f5b4ab3652a9e39e7fe546a767e6d7d,eef4e33361d1377ab483a3c44cd2dd59
35d0268f98241ae7e73817f70dbc35af,ec94437d3ecd6471bbabb4b1cf12b88b,b4f880e053affb7435e78194586e57f4,4f8ddaa2f8a95ff18e43c938e3e0444b,8659b07698eb1f8507a1f90d7cc5e980,856f364a4cb46fd2958c5120d412b1f8
cc55e862154796d74f3d1545be3479b2,ec94437d3ecd6471bbabb4b1cf12b88b,169f2181865a3d628f2d0b1e083d4a3a,fedaf84643ddd4dc6dbf20c6a06d1a3c,0c4275e1c3ad7d0e6206d7d54a3bd3b0,44aacd1678e49c22e7e309f0941b106c
e0a891414fbf430b7299ab6f68dd2f80,ec94437d3ecd6471bbabb4b1cf12b88b,3746bc155c618f8e8604eb220dc6804d,5b5c80740db7fd99c39bc3f18fe2042b,1eda50cd0aba5e2da7706c25adf089e7,2267860f043bf39437195f97d46520ea
ed126a4c14f15e0bd12502485098368e,57c6cbff0d421449be820763f03139eb,0b25d51ac792d0c543ae5e4ef47a41cc,ffa06ae86826182ee9554357dcc1a433,f8fa78d6d116088fa294d6784d4edae2,eef4e33361d1377ab483a3c44cd2dd59
