1eec9d867bb7817ad997d7eeae241f1e,4de86d84c2c89688b15a6dd59a3bf775,a2f05d87b67d9db0541a3bced105c4ec
1d2e6434bfd3bc0893a0d06cd2bd850c,b1a04d6cfbd540fd2a7016a85f094a80,752eba3f6fe74ad599b1c9b1073207cc
1200380321abb10f44bbb6da7196fdbf,76c6ee9254b667d8f718122517785798,ea6a72738d81a9eeac44d1947e5fbe22
4960f59e98b15759c7b94812902a5536,99ee025528ea380a38eb4bb50c89d357,1f5b03dcba70580fc87fa763f248fa44
81dc05f168bfa24b1f9c3e2fc690963b,6592809d0b76201c043e9ae8885c8c91,2a4b614baf4f44f55167bfb1284c8ad4
eca33e3ef01265f6b4dcda8477b966e2,943ee97c3623cb42ef93ed6afe58a005,7b2d0d2a50c779e6b71077f1f8c4b15a
3bee551a4c05b3072ab68bd9e4ec128d,cc1875b25a687e756e0dc9a9d13c6b5b,92f43c12bbee97071926f0f0481802a3
9ac347c3a1eef7e456eb2026ae11a384,176e56638c8208adedb984b0e509cf9b,da8e5b441d9d4a8909fe1f32e90473c1
a885a289c04769ff03ddeafe20148688,78554abe2577b38c537138a89ec7d084,2fb5b0c03f2ba40df6cb83c3b0f459ba
5c2d685aeaa92b376c5021355b3a62ac,fcf73fe7abbcbd201fe53a6305742002,2fb5b0c03f2ba40df6cb83c3b0f459ba
7936c28af644536bff9bd2c36391a507,54808a371696278109559cc36bf52eaf,256d0b35f424fc4e6e1364f7c2ab7c8d
77586ad1b370a9107ea6a7a25aa7d7d7,469b73c4524b893de1d9b36ab846cbd4,19d5fa2496c23e37edba69102f29868c
77645ad407267559c9646b8d2432996b,c809d3a14954b9c8a92e29229560920e,1f5b03dcba70580fc87fa763f248fa44
de4c83bab8a513b6cd10895537d8b1a2,40fe30cf1b04bd73be1c423adbd6c6e7,ea6a72738d81a9eeac44d1947e5fbe22
543f7361b9310b3e55a10c9c4569158c,291cf33a43e9d205b68a7652294b0ff0,77586ad1b370a9107ea6a7a25aa7d7d7
cfa7c4cf294db0c3274c44724de617c8,1a79b2602ac4db23b0461590bbebe15b,f8c30f634739591ffe37534f963b2ab1
1acfc1e3ad6755c5ac99d7fca4327490,ad46ee8c083a9112eb8e986036b742c6,ea6a72738d81a9eeac44d1947e5fbe22
0f005c659d50743ecf8d75384fc607c9,9d1c299801be7a008840680b5496cc42,ea4670731529e19b132844eb138337b5
c4de5b749b790bbe4cae89770f38eee8,3c8fe521d5e7150e40b19008006ca036,2fb5b0c03f2ba40df6cb83c3b0f459ba
52aa8304d0eb5755c468e51478b78d68,2fbba30552ceebd3b59032fae7f0c160,2a4b614baf4f44f55167bfb1284c8ad4
735d49f612c5985a86fefbc25c40e1ca,19714b7e56a18e73044a8dad2c6990d5,3bee551a4c05b3072ab68bd9e4ec128d
8a83f9bad296097c4709a09232f9aaef,e8cb79fd025359ed06b4890881bde250,cfa7c4cf294db0c3274c44724de617c8
385e2bb0d3705ba50aafda47faad4ba8,bd2c397bea7e6913055c7a6246340bcd,2fb5b0c03f2ba40df6cb83c3b0f459ba
c429495a86b26de36df0b2e93aa90eff,757322e8bd3137d7fadf5ee7295ea147,b47ecfff1a1ab300e57d8dcb470633a5
56faab3a6ffcfde008e90ba0b110b098,394eff7ea60ace79262b3554b5caddd5,2fb5b0c03f2ba40df6cb83c3b0f459ba
45957943abdbc8e75ab0e79bd299cdbb,379b214b150e5c137196b71c9c001265,cfa7c4cf294db0c3274c44724de617c8
065c8225e6f3850b8f1b4865df755ad1,48c61603d82824fc4151959ac2d22ead,cfa7c4cf294db0c3274c44724de617c8
b71d9256f93c1067c48980a61d3de152,5bfd968c9852037a2a139f79dfc85c8f,385e2bb0d3705ba50aafda47faad4ba8
6549e87eaa0778c9e40f3fd85188ab86,e1586620023073b2dc1420badf8a1897,cfa7c4cf294db0c3274c44724de617c8
0b6e0b5c9ca0c40528355fbf09b05bd1,319f488749ed32aaf9d5da37afe67544,b47ecfff1a1ab300e57d8dcb470633a5
e9f928cd473b8c1812c5e14a6f32d350,9001c675a2d58016e2290bb76ac69111,cfa7c4cf294db0c3274c44724de617c8
92f43c12bbee97071926f0f0481802a3,979725d5f771e567b611763a66858c2f,b44625c0d5f1e2023683873822fbba02
e5ab27de80093f61db1355b071a8ea05,25b67d5a883bcd2e12eb976789f7f4bc,dea39c6c320a72006a03496ccf8bb335
d8eff8000177c14c30fec90840cd24bc,de2cf8ad2294e3761da58c2779a34652,19d5fa2496c23e37edba69102f29868c
d23a0ae07b5abf14259d92811aad8465,f1117ccad3d37361babd60aec79d93b6,7110c331829e3a4d12c820e1364957bf
97269d4d23f9c7036f21bdfc72853836,2d2a6db8309d0f94b96e427301c6ace6,aeeb8a421734711e88a334df58f4caac
7d0fcfec2bdae8ac6b5b92415d8053f8,e71a2688d494731d9d712754addd3fba,7110c331829e3a4d12c820e1364957bf
505767a6b8e84379180c59efc417f3d7,8be38324c87b2dd501d00dbf78ccda3e,96d53e0dde3fcfc6e3136299e9c9246f
e6412e716b2421cfbc35142de994bc22,c321645db3af5c46acaaa8a824bc741b,a74178c504fec5fef28bf2d1a3af8092
a74178c504fec5fef28bf2d1a3af8092,0bc4644a73b148bc9725db6133584dd7,cd70d5557347222a10b28f058b50f1ef
df90f7b21316b0f5961a9130f2600184,2fe882ebd630c9aeba902628dd369cf8,2a4b614baf4f44f55167bfb1284c8ad4
b1f593011b2d8ea84ce85aff6e43c7e5,cb27d51fa8030f4c6af402371b793548,19d5fa2496c23e37edba69102f29868c
c5efd5c0cef94c37b58d0fc39715e612,dbcbdb7e18ccfd70f66a7926e7591689,19d5fa2496c23e37edba69102f29868c
54aee472348fc0b924d1439b8bdb2499,9ad87b5fbd4d44adfe1db959c51c3082,3bee551a4c05b3072ab68bd9e4ec128d
2fb5b0c03f2ba40df6cb83c3b0f459ba,c6e795d15726c13335c8278ee63c1ee6,cfa7c4cf294db0c3274c44724de617c8
3fef0e953486739883a1fd44288106f8,4c58399d1fc903c8f78686106f16f624,3bee551a4c05b3072ab68bd9e4ec128d
b44625c0d5f1e2023683873822fbba02,1afb2ef4552a8daae9d49e8aea3d327d,c429495a86b26de36df0b2e93aa90eff
60b0c43f7acbb9a34350e3aca180a79a,4116c207e6b2d9c1306ffa404ac26189,c429495a86b26de36df0b2e93aa90eff
7110c331829e3a4d12c820e1364957bf,ac1e7ea1162dc6811c4a9f0e4dad3cd5,7936c28af644536bff9bd2c36391a507
ea4670731529e19b132844eb138337b5,ea276f3b4a60a762c1bd2d480d43287d,cd70d5557347222a10b28f058b50f1ef
256d0b35f424fc4e6e1364f7c2ab7c8d,2bd0afa9d547ddeef4ab5d498cce89ae,7b2d0d2a50c779e6b71077f1f8c4b15a
9b06e290cef806d541063d72e888fe1c,d8ad3b3b512f12ceb3dbbf1a4c0d300e,2fb5b0c03f2ba40df6cb83c3b0f459ba
d2002ea8647bcec63917667a6f21a480,e94c7f0ecc491b4567c704bc83b6a85f,52aa8304d0eb5755c468e51478b78d68
2f977406dd2079eb67eb6d97c8ceb6ab,b06a7092aecbf5e0213523fddc4b4306,1acfc1e3ad6755c5ac99d7fca4327490
771bb5f1f5e39a37e812b8d6f8824c86,677c5045b7f73586e845ed918383ed02,505767a6b8e84379180c59efc417f3d7
bf4a8f08c82f7ac6c294a69844f53c36,91c00ac97b8333a107177f500980a516,b8872253069abefd40118985b2df6bf4
70f0aeadf475714a6648d5bcc04320b4,d8064e4a63991fc3e690bb30ac3f166c,e18c4f0a8ec64915defd91643837ca5a
252dfd5fd81fa7a5eda0702dfeaa5e75,3a08fb78591ea61cb3f4f58181752246,7110c331829e3a4d12c820e1364957bf
d75b63e9334fba5cf17befac75230f2e,e94aec239647eec34532c40f3d150d8e,7b2d0d2a50c779e6b71077f1f8c4b15a
e8140faa7946610f54936f2f06fb439b,b0cf3fc7361847a5aced58a3acc3802e,1200380321abb10f44bbb6da7196fdbf
2a4b614baf4f44f55167bfb1284c8ad4,da6a51d884460d4237fc6b876d37cc8f,c4de5b749b790bbe4cae89770f38eee8
2103d5c31c07be69ab2e2894d2e0ba35,19d66a71d69afd238d65864c3d5a690b,414997102292a143d9fa1e83a06be5b3
671631055c85925baf8bd4b357d6c258,febedc8c9c7d043aa1e6c5601ca3cd30,414997102292a143d9fa1e83a06be5b3
5b67802568f2295acbf369d66652e2db,3c2515ff09da30cbc58b3fb80ab73dea,1200380321abb10f44bbb6da7196fdbf
857de1acc8e8023c7312ac1f0055df2d,123049f4dbc78fe05cc8c6329d97771f,5b67802568f2295acbf369d66652e2db
26d4ed8a73c9574d4427aec797dc1f42,134203efcb1612a7f31aca76efb8a0b5,19d5fa2496c23e37edba69102f29868c
00e9909ef77039a24df0ed2fb080c40d,b0beabaa0225e28fe3ba64cccad9294a,cfa7c4cf294db0c3274c44724de617c8
b47ecfff1a1ab300e57d8dcb470633a5,80d21a89017cb276db55000a6f50ec99,81dc05f168bfa24b1f9c3e2fc690963b
2e49dfe667fbc36391f512301fb67cfe,2448a23bdfe39cb096b4337c8a380b4a,671631055c85925baf8bd4b357d6c258
4dfd0603d6a21d6506a89fee3e46a6f3,261805bfee4410c428637ef28bb0b6ef,4dfd0603d6a21d6506a89fee3e46a6f3
b4b4f89c81c3412381672a582919478e,7dc2e02dcf7d69d24989e72557752a2c,ea4670731529e19b132844eb138337b5
c77167c60f37811515803f37d7e127a4,4a8d7f4f03a1af079ccd5f6f1733bae6,2fb5b0c03f2ba40df6cb83c3b0f459ba
8bce384ae9bca5d6b4d773b5ddf52c2d,98480bb67934793f228733ea84e8e813,e18c4f0a8ec64915defd91643837ca5a
96d53e0dde3fcfc6e3136299e9c9246f,7f29c6640eec323131f1988da4820523,2fb5b0c03f2ba40df6cb83c3b0f459ba
008433b937f2512f53958531950df158,c090d63430973d94ca7a42918b4684f0,2fb5b0c03f2ba40df6cb83c3b0f459ba
414997102292a143d9fa1e83a06be5b3,d75cf58b9888839a988a5f89d775e189,2fb5b0c03f2ba40df6cb83c3b0f459ba
bb6d7a4f09c57d945f6280c8d7c05834,48a19b1ce6a5e1a823c6abaf6c0565b2,2fb5b0c03f2ba40df6cb83c3b0f459ba
dea39c6c320a72006a03496ccf8bb335,1a930dddbf474e57206051ca4ae7090e,2fb5b0c03f2ba40df6cb83c3b0f459ba
ba70b7351b0ce396bc58bbf7df935463,1f1526b2cf38e0cf6dad5d6553abb8a1,2fb5b0c03f2ba40df6cb83c3b0f459ba
7f11905823169f31dbd3ac100209c7c9,4bfa078cac34dc5f933baad14f716517,0b6e0b5c9ca0c40528355fbf09b05bd1
cd70d5557347222a10b28f058b50f1ef,87a994838c3fd76745ef0a3c816b8bcb,c429495a86b26de36df0b2e93aa90eff
fee28290db1dc4024c82374fa26266b9,3adc79095faf541da4fd0baaf4b00135,00e9909ef77039a24df0ed2fb080c40d
ea6a72738d81a9eeac44d1947e5fbe22,a3e7ad53e07e803a729bba148d46aca2,414997102292a143d9fa1e83a06be5b3
8631cf5c0122c3ed462e0523800c37b6,ecc59f4e6f81778883d03b370e105193,cfa7c4cf294db0c3274c44724de617c8
eaaea64ba255bef0d431e8af6b29bb16,dbe4d7f2bffa0a52edfcdf8d440373c3,cfa7c4cf294db0c3274c44724de617c8
7bf45c701bb29d91676c56429b41675f,bb94e99b4c91bad2fe858e2c70dbf69a,7bf45c701bb29d91676c56429b41675f
2aaedca3ef60a4aa4ac71bdc27926e36,464c7291ef6b4037dd7266846092666c,ba70b7351b0ce396bc58bbf7df935463
752eba3f6fe74ad599b1c9b1073207cc,7aa10292cb8af6ea19f3de3ea5c07a03,7bf45c701bb29d91676c56429b41675f
e152b2e6cc6ffe29aa0391e0eca38b3b,e38e51dacb8e26bdb281414f6a3b2caf,b597485d99faeabb0cc8a894af9a31ee
f8c30f634739591ffe37534f963b2ab1,50d80e4f04b407005c0229b22c4e2b6c,cfa7c4cf294db0c3274c44724de617c8
11212ef42732bc43739cb4cdc57a01a3,71bb18edbb7656f214fdf61eeee5d029,eaaea64ba255bef0d431e8af6b29bb16
e18c4f0a8ec64915defd91643837ca5a,ac06081cf6ffa50e3f88d8630f6570d2,ea4670731529e19b132844eb138337b5
61141bac00940db9dbc0da0be6b39b1b,fbd1f2444e28ea07020b5e5738bcf424,d23a0ae07b5abf14259d92811aad8465
c705d217752dd50bf1d1ffdbf66971ed,cf21782975c30c9dcbfdf23992bc2696,ea4670731529e19b132844eb138337b5
ae45ae406ae9b350adfd4ef974922dfd,65f4f562c20edb1a6a442b5a7b6fd95c,19d5fa2496c23e37edba69102f29868c
6f91fe230c9b1e7a14082312a0fd2aea,d8e7facbd13a5d532feb653607ed8f73,ba70b7351b0ce396bc58bbf7df935463
3c04f322775119fd3919eb85c7c67509,e9252fee8c8c4afbd684806ddfca251f,56faab3a6ffcfde008e90ba0b110b098
7b2d0d2a50c779e6b71077f1f8c4b15a,98712b7c10501d224f148417191024f1,bb6d7a4f09c57d945f6280c8d7c05834
aeeb8a421734711e88a334df58f4caac,c020a696448060faf2ad6dc54c72702a,414997102292a143d9fa1e83a06be5b3
e6d4482664022e44fddc811d93d9b8d4,62df837a451472d8b7f4aaab6931e591,008433b937f2512f53958531950df158
05d5914561e9f02968d3a7c3a35ea8f1,67d3275cfaf4648a7d8ef7f42fa99548,9a88d70a0e8fd7151f1dbf52a25d9689
1f5b03dcba70580fc87fa763f248fa44,a32e8304db39bdc85bde2966673608b7,19d5fa2496c23e37edba69102f29868c
b597485d99faeabb0cc8a894af9a31ee,2f80e6dc069cea2ec88689d85eb9fa4d,b8872253069abefd40118985b2df6bf4
19d5fa2496c23e37edba69102f29868c,f00c06c60c0cb3d258dccbd91c189496,2a4b614baf4f44f55167bfb1284c8ad4
b8872253069abefd40118985b2df6bf4,503325a6d73f4db02d1e359ec5198e34,414997102292a143d9fa1e83a06be5b3
9a88d70a0e8fd7151f1dbf52a25d9689,c63092037b3e26b6e8dfda29a5f1df5a,97269d4d23f9c7036f21bdfc72853836
23c538dae3f1775457677d4aa3b4005b,8c4a1157209018c4f740973bb1ae32f2,2a4b614baf4f44f55167bfb1284c8ad4
da8e5b441d9d4a8909fe1f32e90473c1,08b71928184c5548d9af5307ca80fae6,2fb5b0c03f2ba40df6cb83c3b0f459ba
e1189046aeb9ae4af0e4a924ca5e9693,2b84af52944f8d51749e133529a7cf86,61141bac00940db9dbc0da0be6b39b1b
65c2c66d1507fd53dd24e2a6bc41ce27,aa7dd522bca3f2afbcb983034df5e7e0,c429495a86b26de36df0b2e93aa90eff
72b12e887578c2f95db946e4661f5866,315ed8bc5fc9fe8de83601098d0455fb,2fb5b0c03f2ba40df6cb83c3b0f459ba
54549b64b7c336bdd1e339cff4bd44c1,583d65c9b492e56a92f496f3e500376e,23c538dae3f1775457677d4aa3b4005b
ff7f9f6a602c26299b58e44166da22d2,7bd86a737ba1ce7564f9aa336b0bd066,7bf45c701bb29d91676c56429b41675f
5a9d0872e6c7f63c8171328c1c05f6fd,d41c923d69e663016438ff4b207e6d56,2aaedca3ef60a4aa4ac71bdc27926e36
fa0d226aa318234184b30d0c1a8798fa,32d972bf01d1ee949a5c7977505b7c9e,61141bac00940db9dbc0da0be6b39b1b
699762538d11edb282b6063e3ae00d6b,ecca3a6e778fca650364b25c11892bd1,2103d5c31c07be69ab2e2894d2e0ba35
d6e9ecb33529684875b2d02a813612f8,d636b5902715c164d76b69609684bc1a,61141bac00940db9dbc0da0be6b39b1b
4feef3c0656db7155afc87739174bcfd,18fc2be66d9b620c19714a0b533dace0,3fef0e953486739883a1fd44288106f8
bf729e12a1c6d066d255d764b85e6d6f,92821add3dbde5651ab9ab5d2a5f4742,3fef0e953486739883a1fd44288106f8
071b4ab4360173fec381d142bdf840ab,47f9f6cefcd4759c68dc99f8221909bd,3fef0e953486739883a1fd44288106f8
a63e578a2036eb2f3286fd26702eaa91,da44e9f4963330e14d7e1edae9a275ac,19d5fa2496c23e37edba69102f29868c
fa41b433ce291e3e9f180ab834520365,5b6c01780cdae767dd484a10e0c480e6,b1f593011b2d8ea84ce85aff6e43c7e5
452b84f905849e4e6b09c4bb58d9c2b0,d54e897fc1b6aa3657448f1a8487163e,96d53e0dde3fcfc6e3136299e9c9246f
6a34e4219b4407d3bf42c80bb63ed26f,1e484cb36cab523938189a4db6f05533,19d5fa2496c23e37edba69102f29868c
6a9d494082cdea495c5f10af571e14a3,2182427d6c028973db50b577539edd34,2a4b614baf4f44f55167bfb1284c8ad4
de65d609d2fdc522a290468d4e048180,6122c6ddf9cde4351b54a14d7220ff98,2a4b614baf4f44f55167bfb1284c8ad4
04f491b07c559e69ab78d26b77381402,8c053033dca9a92bc6119772c0851e96,19d5fa2496c23e37edba69102f29868c
f59342d4075d701777a32e9415295539,ba8e63b24b1a6582abbfc85907c74f2a,385e2bb0d3705ba50aafda47faad4ba8
65d0d1cd809556feabe7feebd9148930,25dac6c8439f854713e3a80c7a1a7716,3bee551a4c05b3072ab68bd9e4ec128d
c696719f53f3bbbcb33a3444d0b70271,9d1c0f486d74cd6401fe83a3e758aeea,2a4b614baf4f44f55167bfb1284c8ad4
60f53d8f94005584f7cc87759a692ef5,f5a5be4fcf16d94337b077fc1a15a821,2a4b614baf4f44f55167bfb1284c8ad4
b6caeb1477eb87305309c3e03d9357e1,64d2d039c79b06af638eff67dd8e5cb2,2a4b614baf4f44f55167bfb1284c8ad4
417128f1be22192ac47de057011d49f7,765d69a030207fc19c661cd46389c513,b8872253069abefd40118985b2df6bf4
6241fc407a780738d31eeeed32f1d718,2de1515fc9dbe96a0547189248960539,bb6d7a4f09c57d945f6280c8d7c05834
a945098de4e3ba07a60aef9313f85c70,10434abfc5e9f0d24ff414c792021802,8bce384ae9bca5d6b4d773b5ddf52c2d
5ec5b3dc1c270e7272c766c9e71e3969,a318ec90cb2c56c0ad25f10d8b194476,19d5fa2496c23e37edba69102f29868c
9312a0ba6f7214b1403f9ba9e981f6ef,f71cb4f3b3b93c4ddc5dda7fb0f92385,c429495a86b26de36df0b2e93aa90eff
27c198ee928ec5330f7cc1595465c6b3,b622439efaf7c890d36d6b8b7c6ab233,771bb5f1f5e39a37e812b8d6f8824c86
b187ee8686c805ca65b6eece4c44f9ee,07afe55cefb854be509dae4c511f2f7c,414997102292a143d9fa1e83a06be5b3
5154f472c021ce31ddcc6bbf10ffd705,ab01f63368c078fe597390f18871a3eb,c429495a86b26de36df0b2e93aa90eff
52b60e768facfd7f0e344a1073e16e94,50d11e3c73165879190b43ef1bd14c85,19d5fa2496c23e37edba69102f29868c
90a177556f848c57284edb0249cf54df,6e60383b456ad29a160e225e9b65046e,4dfd0603d6a21d6506a89fee3e46a6f3
1a88b154d717a450d0791eec783f7415,aa526bd7da6268456a23da962cdd2e5e,7b2d0d2a50c779e6b71077f1f8c4b15a
5f7eaf57fed74f8b5480a26177a37172,047c6fc7b460d250af7e0fcf2660f394,77645ad407267559c9646b8d2432996b
a7f76937997cf83817c53e07441a65d8,f19f78f17bea147dc4849ea18bfe0f99,2fb5b0c03f2ba40df6cb83c3b0f459ba
e85dd960cb6989a2cd8f165ae29d37f9,6d19ac6b266aa43ea4e91586d9108b55,c429495a86b26de36df0b2e93aa90eff
bcc4108660a22087df7c2f23982268df,919bde1902440176076dd38194d8127b,752eba3f6fe74ad599b1c9b1073207cc
11f90765efc03dee98f2887c7646fa8c,6b0bbf55a16a94bf675a1dafe5e34fa9,56faab3a6ffcfde008e90ba0b110b098
45bcf7d4d058c7e990bc2d0d669ea643,accb537239b7fc4e767453af62440c36,e6412e716b2421cfbc35142de994bc22
26895d28e0b02bd975c6456c8cb575a7,408dc4db6374301d41a793b37ec529e6,b597485d99faeabb0cc8a894af9a31ee
85bdbd506f20b6102c757991dbfc5db2,352009be1faf13efff62c8a73f691210,cd70d5557347222a10b28f058b50f1ef
9aeec2e24955c46055e69244dab6429a,84d5f7365d0980438427fe459aca76a2,b47ecfff1a1ab300e57d8dcb470633a5
643c74a016fe634c7b5a06e62e4cdff8,bff8b1bf541f37a28e3e1ff6ac78ae71,4dfd0603d6a21d6506a89fee3e46a6f3
65f212500feeb31ebf9bac24acfd01b1,be3565ffcdc7e66b24936fc2190dde89,543f7361b9310b3e55a10c9c4569158c
0f0a1e6a641dfd529b6d069c4390cb75,3e0946cfae50394c7751a6352afcfd84,2a4b614baf4f44f55167bfb1284c8ad4
7e485d8444b55a2276f16bf829b6cf52,1a9035db4f0239548497c1510af948b3,19d5fa2496c23e37edba69102f29868c
6673627d80e7ca68ab675b89f255c2d8,f6646b1c3a918217031c024bb9c9826e,cd70d5557347222a10b28f058b50f1ef
22fdecc1705268fc2c4d30efd5fd94ff,81e41800498115496020445f6ab48068,c429495a86b26de36df0b2e93aa90eff
82131021f373ad38b0fa2eb09be8afab,c02de62d9137db0e643121dd8d1d42a8,b47ecfff1a1ab300e57d8dcb470633a5
fa804db3a22baf2322ace15cf05e4844,c8af1654f64b46fbdbebe2a9259b40c0,c429495a86b26de36df0b2e93aa90eff
f6e42c56c451aaf803c447f2798901e1,f03d74b1a55364cba094e2738d567c54,e6412e716b2421cfbc35142de994bc22
dca8870238f7f46ff5786476d5f37c42,2563d059fd31fe882db72919f10c1ca5,3bee551a4c05b3072ab68bd9e4ec128d
1dcfffe6499b05366cf523d5fe4780b6,7506777ff20035f51d5197e894021b0d,b44625c0d5f1e2023683873822fbba02
c211ec0d338ac8ba29b9632182dc182f,3f5e705f69edc05edba37ff9e0af18bd,7b2d0d2a50c779e6b71077f1f8c4b15a
bed26695b30d978b86e5304788bdc62c,b41c699406d1a28e34f010e8fbabc7ed,2fb5b0c03f2ba40df6cb83c3b0f459ba
0aef64cd97ad6b39acb1009adc27e0f1,541d4d01547ada1ab66a7f8a88350bae,3bee551a4c05b3072ab68bd9e4ec128d
294486d95e6831e55f1ef0064389accd,dd37044cf81346d219983b9d2cbc0a0a,c429495a86b26de36df0b2e93aa90eff
afec876b08a1dc42794105362d632f0e,b55693bdab9099207a7f1a19ae686dff,7d0fcfec2bdae8ac6b5b92415d8053f8
8c496fcd4efc2eb2327e69c8b83a2ea0,4a770556c1dccad141b5e1071edea775,61141bac00940db9dbc0da0be6b39b1b
7275aab4f765cdcbf49918ac9d74ee75,071f4c3dfb452c6d5a361502daf63cf8,2fb5b0c03f2ba40df6cb83c3b0f459ba
7f9951cf513a5f1f1c9b9b2cc04ac10e,69ce30d43d0047b90ca18849db9b220c,56faab3a6ffcfde008e90ba0b110b098
40d51e8c7e00d48feab67ee2cd1eadc3,2f3ae41985a23cbc68a1f8bf747455f9,19d5fa2496c23e37edba69102f29868c
b35e6211e22d60e17b72125bba2258e2,eac0c456852ed09e9e7dbc628b576f50,256d0b35f424fc4e6e1364f7c2ab7c8d
4512e5b9a202d5fafb82a6c1b6fb5e9b,ddd34a5cee542ec92bb354778eda8740,e6d4482664022e44fddc811d93d9b8d4
d6ffa15667b915fc90b902e91c2204f7,838fc068723723731def90c451417a0b,c429495a86b26de36df0b2e93aa90eff
a313c5cf263da8360eca61249541a714,44020d3220d218e7a79992dde21bcc34,c429495a86b26de36df0b2e93aa90eff
be258561a838be9926e9940ba829fac5,69f7f0df9e67c99c140025986cd15600,2fb5b0c03f2ba40df6cb83c3b0f459ba
83493801dd0f8fc67f9f72f5f1762a84,d8c705f18249992b60fd6af84e1a1426,19d5fa2496c23e37edba69102f29868c
27cfa4a9347cb2c5f26b9a40ddfe3f81,75f92034b0849650f88cbc7c0a939f77,19d5fa2496c23e37edba69102f29868c
2efb631210b05257eac38462307e98d9,c25b6207300cd05113ab03943ab135ad,735d49f612c5985a86fefbc25c40e1ca
a3449e03f3650b2f45a979dcbfef4d4b,cda90202d14edcb8ce6b76960b0361d1,7b2d0d2a50c779e6b71077f1f8c4b15a
e49f79aa44f2d47bcf5bd3ae8ccbc0ea,3837b9b2c5e44323a1d80364fd07ab44,752eba3f6fe74ad599b1c9b1073207cc
b84fdd915dc99efb688f822be50f0cda,5120af88b3d600f51ec045de685b45ed,414997102292a143d9fa1e83a06be5b3
695b6e14c66910e9b0b2e7b781d69e7e,7381243f7daedcdaadbeb9d2d2271904,cfa7c4cf294db0c3274c44724de617c8
55ea7b50e715f9018e971890a3e70e3a,c4eacfac35cd5496d0a1ca6d2e214f84,3fef0e953486739883a1fd44288106f8
f7df1fc878a18f9b406ce4d8110038b5,89d03f497b03bce6f459dcf307945add,19d5fa2496c23e37edba69102f29868c
a2aa7b4010e299d402e4287dbccff0f7,198e5c14acd51d3260270bf7b564c0eb,5c2d685aeaa92b376c5021355b3a62ac
3ede5f89d96d075181c438970f16ebd0,d701e75a897829b101b0d50ffd0f58e9,19d5fa2496c23e37edba69102f29868c
90900c7ba3f251c3c219320eac79cec7,7e4ee079ed277f6d7254ece41cac1c85,2a4b614baf4f44f55167bfb1284c8ad4
5d56e6b3c87b37f5b39cf13cd145d25a,b37aa9af7bdc298a130ffaf96da6fb51,cfa7c4cf294db0c3274c44724de617c8
ee17eb81b6b0605021ba9ceaeec333ff,81623b4fc0cddba752644045b7d64deb,cfa7c4cf294db0c3274c44724de617c8
0d16fd2b52ee78825dd3f71f69b1f958,cd6968d8f04bdf9a1cb812eabe2d1cce,2fb5b0c03f2ba40df6cb83c3b0f459ba
beca453cc6d007058c417616bcee7449,274eb3cad7328bb732662af476ac0de2,414997102292a143d9fa1e83a06be5b3
0dcd4eeaef82525979a6f2660022412c,614fd8a7127085abe35dfc6a2770caf1,c429495a86b26de36df0b2e93aa90eff
77152d4f7d13e85ef899761438b71f3b,2cc15afb41dad528494823fbfed8d5c0,9a88d70a0e8fd7151f1dbf52a25d9689
43e587128fd3094be7bd2ff61a316c7d,f6c0a36f0eb55a37fa2ed327e507e30c,2fb5b0c03f2ba40df6cb83c3b0f459ba
0b6ba92678ddf2a9b1a31e3f0856cc9f,9bda83d23d9d594fd901f3df64157104,735d49f612c5985a86fefbc25c40e1ca
a19d8851e494969af79491385eb24188,daf9a097a2b8262f9b8acde423ca4819,2fb5b0c03f2ba40df6cb83c3b0f459ba
de6dcb4ef4f09b5046e262014c1822e6,460014cdbf64679b8492066aca73ebac,e6412e716b2421cfbc35142de994bc22
c51fdbcb6e8ecdcd530d4bda14b01114,176b7c953cf72d90a2d20bc734dba514,c429495a86b26de36df0b2e93aa90eff
14431c1e0df698ed8793438c3fbea95f,c8fe35da59d25fca1a7aa97ff44944e7,2e49dfe667fbc36391f512301fb67cfe
7668a85732deaeab41ecf504b52168f7,52fb3afdc8629143b04d85a14a52172a,9a88d70a0e8fd7151f1dbf52a25d9689
3a6e098d55d60384809be089c1b22fa3,8ec7194f433e4fad8103ccfb56aa6c33,2a4b614baf4f44f55167bfb1284c8ad4
0df79b32418303409f35147a0f6ee9be,3be6b941455ab39eb7b732c419c232d8,256d0b35f424fc4e6e1364f7c2ab7c8d
3a915aa26de87d20fea16010184cbd23,2f347a0474afa0d4e874a8b74f0ea8ff,256d0b35f424fc4e6e1364f7c2ab7c8d
ce36a6c1b8d10d955d6cd58613f26ddc,cddc02fdfe65bb8a48a30e451552bb8b,256d0b35f424fc4e6e1364f7c2ab7c8d
7fcb574fce50ddf65c1c724f59152041,9476848b84db0c67414307adc267474e,da8e5b441d9d4a8909fe1f32e90473c1
9bbe47c129539ed67c895170369d865d,969dd924fd26fb8eb42e6558efec2193,c429495a86b26de36df0b2e93aa90eff
ab5c6222d0b19c0c3d72fda0dac97196,66fe53d46cb1961db654c9502b1baa79,2fb5b0c03f2ba40df6cb83c3b0f459ba
a2ce98541af30013a95b71e27b807e76,8c1e345a0a8deedfdec80790c225c128,61141bac00940db9dbc0da0be6b39b1b
50275cd72962faeb02ecde2cb6caa734,8e47cd3ae282691e30fa1261a4c4c9fe,c429495a86b26de36df0b2e93aa90eff
ae5e6caaca529112e02e0641ea16ae1a,ce1571f3d5ab3a987574c0db9f082a40,2fb5b0c03f2ba40df6cb83c3b0f459ba
fbf1d5fa05a37a9f57ec81c8dfc77f38,265f494a98c055b93ae475cc76381e9c,2a4b614baf4f44f55167bfb1284c8ad4
97efb59454b119ad0b6e30ff5d2c0410,7010a344e20b91dd2d7c251cebbc0d06,2a4b614baf4f44f55167bfb1284c8ad4
74766b727578e300901975048098831c,43c0adc1f050e9361edfca9d2b2da131,008433b937f2512f53958531950df158
54c02f0951a166806505e334da51abba,54cb26d91f79480416653cc747ae3aef,cfa7c4cf294db0c3274c44724de617c8
17c15cc46262afe84f89198a81f79fff,7c3a6a35115536a8eb78085736fbacb8,0b6e0b5c9ca0c40528355fbf09b05bd1
d42023480c2046507af6c4e824ae0a0c,bd60acbfc53387838a3bc197c5538fd8,4dfd0603d6a21d6506a89fee3e46a6f3
b9de41ab60d514cbe4a56c5bd072c314,1d92d3b29f99520a87b0dd09118e27cf,4dfd0603d6a21d6506a89fee3e46a6f3
30de121647ff5c0353d862a9acd86438,84bf5933cb2ae77ca193f5443c9ccdab,414997102292a143d9fa1e83a06be5b3
f5ee5d6ab7d56bdf78cb705f63dd296d,40f62b8a242d42091eb58c0f153cbae9,4dfd0603d6a21d6506a89fee3e46a6f3
4c07afc1e322a12e9c047d391d920820,0aade3c3fe8bc8a69bc69fd6b077d914,414997102292a143d9fa1e83a06be5b3
e374a7dcdf1223af93662481438c4761,be1feff721cc1ecae049d1a9e219224e,7b2d0d2a50c779e6b71077f1f8c4b15a
dea5196a639fb1f5d91965ace841ebeb,270e31458135605046f71e67b3ecc134,e8140faa7946610f54936f2f06fb439b
8e6fc062e6f9af71388d68526bd76de7,780b07a08352dc3b7f1b2b588efb16ab,256d0b35f424fc4e6e1364f7c2ab7c8d
67ad6b24f8de39e6cf08b56008d6e370,51018e84fa4dc9ad60069be7dd5584ae,cd70d5557347222a10b28f058b50f1ef
967aff7f1d812e5e1a2fb309b6b7566e,c7fa68fa555af986969e0e75c8325220,256d0b35f424fc4e6e1364f7c2ab7c8d
f0009ba7d27927613428c691e63d7124,d29d405a79eae864a650582fbbdd32db,256d0b35f424fc4e6e1364f7c2ab7c8d
3774d8eac71dfb655086351accf6ee79,540c410c69e66c7351ea13ecf95573a6,256d0b35f424fc4e6e1364f7c2ab7c8d
fced272e51376f2104a9e229878f9355,61860a41074a475266f919d52c9c782e,256d0b35f424fc4e6e1364f7c2ab7c8d
00ef9b9cc527fb7b9dd3fc112b10b411,cf01f3d0e4703421727a71f855bb42f2,e152b2e6cc6ffe29aa0391e0eca38b3b
f2f361ecdcc0af2c8e743a3132be0a98,3ba26c2db06eb626929f81209e9d8c7b,2fb5b0c03f2ba40df6cb83c3b0f459ba
6f245a8a6c19154c04aeaec25cbc1e3c,d193b6681f7bda0c53584e7915ae6387,3fef0e953486739883a1fd44288106f8
9010e625079c64d0612e2bf22a5285d2,30f2286a05b3c728038908ae26c1b631,2f977406dd2079eb67eb6d97c8ceb6ab
50804dd88fd874fbfe9fbc1d63c73b95,272bb7db7a4a1ca0948f0c8c4877ac90,77645ad407267559c9646b8d2432996b
decfd18f8529361996ce775f305f8951,9d144391dcf9e7e478e5da8eb26da20c,cd70d5557347222a10b28f058b50f1ef
7607cbc2fd5f48495cad1b2e1f944d69,59352648d4af852390af4ad2a01cc587,bb6d7a4f09c57d945f6280c8d7c05834
3aa37406776d530d6c20934043836e59,6d759da22fa5bfdf51757770941a8d72,ea6a72738d81a9eeac44d1947e5fbe22
dd56c5b1fbe8cd43655e29ea179ffcd0,7879d64add8cfbc45ff5da818bd05e35,cd70d5557347222a10b28f058b50f1ef
5bf963281dab7992ccfd10f919b1c65d,ff08bed8ecbf2eb375d8fe89932b149e,2fb5b0c03f2ba40df6cb83c3b0f459ba
840f0da2ed72d2542c6f1baa6dc0a4f1,3b8bc8d4635cb113d417a7e9d2022203,c429495a86b26de36df0b2e93aa90eff
1d1dc0af68caf0d84dc5753f8f21e69c,1d4a0fbbcdfed0e5f75dfed4c571482a,c429495a86b26de36df0b2e93aa90eff
76bc446d8014910a25466b3faff67b0f,73a1f21727817ebdcdcfe7b2785e9d6f,c429495a86b26de36df0b2e93aa90eff
cd351e710e4f303dde1ec683c8c50dbb,43867efb66906c26856c1f559c276192,2fb5b0c03f2ba40df6cb83c3b0f459ba
130795051991a97852f0fb2a607914b8,0c2e071e831777cf57e5617df0c8d780,7bf45c701bb29d91676c56429b41675f
dbdba30fec3768f14ecab92fe126e1f9,658cf4d15c322bfe53e960aa9ab2b46f,19d5fa2496c23e37edba69102f29868c
6f3f3caa0cd8f194d862896e9c9e7adb,559d1760ab79829ef8af4fb540cb7a68,2a4b614baf4f44f55167bfb1284c8ad4
cf249ab8cd5c1155a714e73b3a5f232a,f1c6d1b5530865041676fc86615851f3,cfa7c4cf294db0c3274c44724de617c8
bf9da8c30e2d70c68d72f65be2e89087,0fa65f1a4fd01f3ed528e67397f5cd23,cfa7c4cf294db0c3274c44724de617c8
07c7fb15c144d81fe69fe434826a2ae7,43866a5db84788eaa6ca9eaaa12fb591,c429495a86b26de36df0b2e93aa90eff
5227e390a2d93cb81a797444e229044a,dc6097814eb5010b1ae3b5b81f3ba128,2a4b614baf4f44f55167bfb1284c8ad4
179ba81cf3e2eef3d9b30d54259dae1e,87fad2e9be4e26da7e144a59053ea89e,1d2e6434bfd3bc0893a0d06cd2bd850c
0660cc86d9195b37b366c7a96a4347d5,6e3b33ccd10fc3bc622c0fb5791c29cd,4dfd0603d6a21d6506a89fee3e46a6f3
b62f5db4577a723639c28fc0b75efaaf,6731f13091c01261579abd15cbddaa92,256d0b35f424fc4e6e1364f7c2ab7c8d
f0741ec76166392d1493889bbcd34bf1,a3c1a2949bbbdcc5a528503f9bfc9337,cd70d5557347222a10b28f058b50f1ef
a3ac78e23c46149b3e1cb01b7bdd2138,005e725f38df8f133e9546574c2b1636,bb6d7a4f09c57d945f6280c8d7c05834
3326c6cfe87ff37e303fb89c54077e92,743bc82bd2c6d5752f23816c53a682d0,256d0b35f424fc4e6e1364f7c2ab7c8d
8865ae3702212d91081e98bcc0af0419,3ef81597f3efd9565cb647f5e179a089,2fb5b0c03f2ba40df6cb83c3b0f459ba
fd5f8d1c5bfeb433eee545a5b57d56a7,bf55967fd7bd06abbb34e234c802298c,05d5914561e9f02968d3a7c3a35ea8f1
57d0da70a43a1fdffadea064d8df4deb,e298769d427300e5681fbae1de629cab,cd70d5557347222a10b28f058b50f1ef
4c6eecf541dc70f4ca05958effc0582e,65d8171ccc5a61932868e4906a0511f5,256d0b35f424fc4e6e1364f7c2ab7c8d
a715d0292ab078a84e71fee9552bc58d,14d6478613638d4d62f46846b3427437,2fb5b0c03f2ba40df6cb83c3b0f459ba
c39e8901017bb3aa074c11fcaa5d0692,c859909adaad2f8e3d589422a4255f9d,19d5fa2496c23e37edba69102f29868c
24d628a9fb84b3427dbff4d9b6db2781,2d9505be22ce40a288aa7d5f8adc41bf,2fb5b0c03f2ba40df6cb83c3b0f459ba
7f08adccd7558e4deb3c36fe8bf26309,77332b0420bcd2447a15913730cf61f3,2fb5b0c03f2ba40df6cb83c3b0f459ba
c5a9b66ee91914183d765df266fcd929,1cb5f171d013033bafb99e04c5dd2a6b,b44625c0d5f1e2023683873822fbba02
5aa75a56e85145c28aab476fb14c5b26,f31aa2f5d22be0f9b4bdf0f58f300ff2,7b2d0d2a50c779e6b71077f1f8c4b15a
1a715e3b4bb32ae5d1b5fff6e0c4ccd2,12a91c520e40d13dedb243b9846c70c3,7bf45c701bb29d91676c56429b41675f
df1a73d4f69bcdb40cf9d30d19093890,3471457912d00416b7aec71342900f56,2aaedca3ef60a4aa4ac71bdc27926e36
4c4e20db2e1ec3310ddcf715f521a16e,47614f941eb285c30b214ee0ac7e17bf,fee28290db1dc4024c82374fa26266b9
db162ec5f02be025291222a77d090d77,e866231782d997c35daa75f3558741e0,cd70d5557347222a10b28f058b50f1ef
b615e5b79dabbb6bd0815b52cbd06d15,d12f7852f9595fa559dfc90d5fc36d95,d2002ea8647bcec63917667a6f21a480
a29bc6adc797dc319e233929c57e316f,d421d9ba9b7ce92b259619b10f473ce3,65c2c66d1507fd53dd24e2a6bc41ce27
4b8dbfd3e14b6210bd44994bfc23d95d,65db3db1cdc04142a44223709a06f2c3,7bf45c701bb29d91676c56429b41675f
1cbfeeaebb7e558efe52634c4a8f42b1,a10e507f97401de51a3b5cc814d81a63,cd70d5557347222a10b28f058b50f1ef
2269ec1cc1b7f255ee18715e378526cf,7d0d3e797ec49aeb43470f4984ae3366,05d5914561e9f02968d3a7c3a35ea8f1
778d176833866fdc266e07dbcbbcc2df,cc9adb204bea2884368ba8a9d44b504f,256d0b35f424fc4e6e1364f7c2ab7c8d
5e450c7178224b700cbb89ea1415eb11,23e4f538303871f32bc3a7a815217fa0,c429495a86b26de36df0b2e93aa90eff
008fc66302e7c419c31383394cec7a04,a860ac13c55576d579c65c28294b6938,cd70d5557347222a10b28f058b50f1ef
2a1dd89a983573dc62c598e974b6d6ea,3bacdcffce22863c9ddf0bfe3d69afcd,c5efd5c0cef94c37b58d0fc39715e612
50fd8308cdce9f4db276de347ad4cb3e,e375002bfca7aa9ed028ba60b57a45bb,e1189046aeb9ae4af0e4a924ca5e9693
59f481497578abd8d0a6fb2dd2311a65,f3b400742c17aa4265587ba36303f1e1,7b2d0d2a50c779e6b71077f1f8c4b15a
54ba3065ff5bcdd5129af05c1edbfac4,58550ab0189d501ed88b3b2a42e9a157,e8140faa7946610f54936f2f06fb439b
2c37cd30b776a741fa0d87395aeff469,72a657ca33d72fc4fa76f413a88764ab,2fb5b0c03f2ba40df6cb83c3b0f459ba
23d5e29ddc20aca3a1cd285342f411dc,4b4ff37b8303f48ded2619aad13c4b0b,256d0b35f424fc4e6e1364f7c2ab7c8d
37346c97d6a523474c760bbfdeee37a7,198c71345efc97582a4a15e2802774ac,cd70d5557347222a10b28f058b50f1ef
fef71b8df708ce1914d5bb81b9afc713,1c4b57b74fb2c42f0d90c4e204367b19,cd70d5557347222a10b28f058b50f1ef
41a2b77a1b3ceafdbc0bd3a876f2ebe6,2b30d9899d5da0796e04cf77c72ec18d,256d0b35f424fc4e6e1364f7c2ab7c8d
a45ca388dfd6a7e38f8de570dd1bde5f,fca34f9e0bedfdf1972eba7dced3f884,2a4b614baf4f44f55167bfb1284c8ad4
beb00c5588e30ccab0e63ce233a29321,6cbef8a7705100f463d2001dad509135,3bee551a4c05b3072ab68bd9e4ec128d
2a5cb9abbc2e8862d6665d1a677d5f81,8827eb34725bbb88df8ab3fb2f224079,b71d9256f93c1067c48980a61d3de152
4523c949448b4e9f8a7c0e26d4ca940e,0436ee0ba5959a0479bacba5c6846a90,c429495a86b26de36df0b2e93aa90eff
5433d24874c820d391189ad29105ca21,040c9a9aa5b7e24b06857d23357170c7,19d5fa2496c23e37edba69102f29868c
87c0d79160d72cf7ed981c08a4b7ce01,e1842922ea86b47ccaa42aafdb5bf729,c429495a86b26de36df0b2e93aa90eff
aab927be16088dce72710ad2eb6dc181,3665423062b07ba242d2a129ba13cfa1,414997102292a143d9fa1e83a06be5b3
161e0bdc16441fd3d41010e89b669ce2,a3e4a94b3b92fe1ab67fb37da171824c,19d5fa2496c23e37edba69102f29868c
f89297b2356426a2e56da0204c412988,215c6d1e2549415b09e814e576000665,e18c4f0a8ec64915defd91643837ca5a
428442654ec9e8cf1b4aec92c6f1b0e5,9145903963b2b8ced8b409dd65a20449,d23a0ae07b5abf14259d92811aad8465
0153f411947bcf5d79c6378e79d6ab17,02177a14bd50e428a2e79f2b896f117b,c429495a86b26de36df0b2e93aa90eff
40ad5b3913ccadd8f37023c9525e7efd,f4882d93c89d34a6225bbe0cf1c78464,c429495a86b26de36df0b2e93aa90eff
c800f9f487383ca9715745526e7fe89c,f7bcc8770ec990a393d3e027f6c8aa65,735d49f612c5985a86fefbc25c40e1ca
a565ec40fd44f25432e7605359a15e4b,f2f38e82d917422b0c191b0997a2e191,3fef0e953486739883a1fd44288106f8
ae1596b8935dcd4a77c9e9ed12a21d8e,f3a3c5555838fb6e4cc173ad87ec62cb,c429495a86b26de36df0b2e93aa90eff
10c0b0c7d5570f7ab7ebfdf44a88172f,4cb927161d81f934f50ea1e0ce11ee78,771bb5f1f5e39a37e812b8d6f8824c86
6ca810e9673416c21cba40667fb7fb6e,8f41efddc8e70a1292e01a989e35e4e0,d75b63e9334fba5cf17befac75230f2e
c83895f903bd44c16fc9cf68dde1a1b6,98311d3cbd51da9a58d387c910046b00,008433b937f2512f53958531950df158
76a6a03000f1fbc7b85ef7ec7761524a,1a3405bfdaf3da576fe422d8168bc24e,19d5fa2496c23e37edba69102f29868c
8e2c9661d74fe095b2aedd941405aadb,afadcc84e6aa06431fc3115893befa09,5c2d685aeaa92b376c5021355b3a62ac
7fd6718fe18dcce7acf189f42768918b,de759e6248ee74945d5b381880392218,cd70d5557347222a10b28f058b50f1ef
4507a392806028f68026db9708bf5b73,99e097dc04b0d85e6d0c5840fe4763bd,ea4670731529e19b132844eb138337b5
6de4c78e1e18428e2bfc61897709b669,5f9e28e8618600b80f2eec824be10e9c,cd70d5557347222a10b28f058b50f1ef
774d26dc095d336515a6b5f2289b6a8c,d55b03d75765e8fc06896299f82b6431,6549e87eaa0778c9e40f3fd85188ab86
ea311ab790fe7f5ecb4f37c16a9fa6e4,cc2e3bb55fe442c966746635ef17ae2a,b597485d99faeabb0cc8a894af9a31ee
da8ea7b897c5ec9a5e170d61c4507732,cc2e3bb55fe442c966746635ef17ae2a,735d49f612c5985a86fefbc25c40e1ca
f3ad4356bd5871090303dadd181419be,f8616c60ce2f93992899e5663ac65afe,bb6d7a4f09c57d945f6280c8d7c05834
cc4ff28962048f4b4d4c8cf4fbc001ef,4ea071345d65cada7322564e93d5f30c,45957943abdbc8e75ab0e79bd299cdbb
069b9d972eba7d643c03ef4e1d558078,879b6e7bf915111d89431989ea9c604c,61141bac00940db9dbc0da0be6b39b1b
b54ce2abc2604f466d8d5ca45036c9de,cbb6ae5f2f0f5feadde8d20486170e68,cfa7c4cf294db0c3274c44724de617c8
ba933c06acb829e7318302c8af62be0d,22244e581a9b8261d7754c94b87b1334,3fef0e953486739883a1fd44288106f8
13d00f974e6af83fea84bed6d5723abe,ca9875cca6023e94738ebc15af10465f,252dfd5fd81fa7a5eda0702dfeaa5e75
8e92ee353b72eb1c188714946bfb1719,260d28db2af64e3bdaef4b361ae8905b,cd70d5557347222a10b28f058b50f1ef
d766a2f5c6c8c4a8c208f64db5849a77,085bb98fad264b5fe53102e5888bb179,11212ef42732bc43739cb4cdc57a01a3
9cbe11835e1e765b9ba0635d278ad519,859c83cd29c8d111e826bbbd6f9647cb,19d5fa2496c23e37edba69102f29868c
d29befdc58b2f0dcd6549cc3098f1941,04a7f6b2d657b717a3f3a4dda2f0e7c6,414997102292a143d9fa1e83a06be5b3
cd1b0e19bc8d864ed269d0700abe994a,9f63e2bdf3fdb24e420334f37694b1eb,8bce384ae9bca5d6b4d773b5ddf52c2d
951bf5bd872ea48d009932f507743eda,c41b3869bf80753627f6db7587cf2b90,e6412e716b2421cfbc35142de994bc22
85d845f348c540356106db2548f5f00c,47b4a9b6349169d9ac8cc6c997bcc9dc,b8872253069abefd40118985b2df6bf4
6067f2745e11010141bd925f73258edc,8cbaa00ec981d0baeb5a7452ce6b537e,8bce384ae9bca5d6b4d773b5ddf52c2d
2a464283d961e3647cbdb57fe1bfb298,d1ea86cbd1e346db06b1d5c95499bf53,cfa7c4cf294db0c3274c44724de617c8
a491c4862213835deedce6f0465ff512,e9c3f85ae342b957f534ddd3156a64fc,c77167c60f37811515803f37d7e127a4
fe1bfeebcafd0566e31d9cfc0dfe2937,dbbb19aa3f65c93cc02ddf078d84959f,2a4b614baf4f44f55167bfb1284c8ad4
d1eeade5b13bc6f557ee6561e1d856fe,107a395d65b8cb16fc78f4ce7dacd9e8,256d0b35f424fc4e6e1364f7c2ab7c8d
3b793a4a4ae2a72d37c97515d497a306,fa51345d51ca92beeb8ffceb87600b14,c429495a86b26de36df0b2e93aa90eff
17fcde9291080984e8e832b16061919f,37c43c382ddefaf68633393453c76b31,19d5fa2496c23e37edba69102f29868c
c2542962fa83673b3e2fe7b7bcec164e,2ca95faffdeb50ccb9063125d883cd84,3bee551a4c05b3072ab68bd9e4ec128d
0508882f643ec48bc5749e3a29c14702,c7d3a30fa0017281d0f2f72ad6dd4a4d,2a4b614baf4f44f55167bfb1284c8ad4
5a0c7ea051a95264e96885d50d9e36c1,5ede95238533e16c12ea6cf735c4cd34,2fb5b0c03f2ba40df6cb83c3b0f459ba
6babde9d59824be475aba699bc005e54,431ad6f2d7d8d245728dae04823b9832,0b6e0b5c9ca0c40528355fbf09b05bd1
86ebc26a00d8083bc767aab2fc2b66bb,1549311b608ce93be4df6a79ac3e3202,256d0b35f424fc4e6e1364f7c2ab7c8d
c502368a9a919f9797abd3f274554895,98a50966e1134d4befb27d02a54b082a,de4c83bab8a513b6cd10895537d8b1a2
1b9d9bc157f18aa3bda69e80e8b4bb07,cc245fe80ddd23dfc516024a1266f60d,de4c83bab8a513b6cd10895537d8b1a2
ccbadb486456caba323868b60c9ff2a5,b734e95c96d1a602e6e60ea3b4fb410b,2a4b614baf4f44f55167bfb1284c8ad4
7ad6054ac2ecab0d6688bc1e9c144c3a,624f43ce235d044c7f7a5a5f8d98c8d3,857de1acc8e8023c7312ac1f0055df2d
094050f0415b2a13e7d22ff191b201ba,85f2d91c12b8e53d2216af274c58f893,cd70d5557347222a10b28f058b50f1ef
6fb53e068a72ad7af6c7121434b1f02a,9f4848eeb7da6cc5edc455c2ed420b1f,60b0c43f7acbb9a34350e3aca180a79a
63593b56a4f3e0ada5ac492353ea5b2d,e6c89afd9b0da6c7fa95daa6fd4cf807,05d5914561e9f02968d3a7c3a35ea8f1
d947676ab314c7185735c0535a19847c,e6ace7a7887868c08462cf5ef54842a2,2fb5b0c03f2ba40df6cb83c3b0f459ba
7568fd1424a9e4d2cd78812280d47abe,71e12e337b3f8974ed52750bfb6214c0,c705d217752dd50bf1d1ffdbf66971ed
9c075a31f25bd9d4e96f9e09ec1a2d55,e95a93a4e83008a0aee62bcd72c3ea8e,45957943abdbc8e75ab0e79bd299cdbb
1fb033feec0e5fe7a20213761333350b,21d541cda6384435a9d8ede8b305829a,857de1acc8e8023c7312ac1f0055df2d
002253b181089c8bd55a705a0939a0a8,4cca1fe6452e4a04cb2e5572472b6b50,2fb5b0c03f2ba40df6cb83c3b0f459ba
fa3ed1a9955a2aa7a9f080c4c9412bb7,86c0d73b1823993894e838d0de7386c8,5b67802568f2295acbf369d66652e2db
6f24d5fb9e0fb609cce81a4d9d92a411,cdbfe72752d98a723a1c1d54d899ec08,cd70d5557347222a10b28f058b50f1ef
92b19b2bab39edb747cdc2dc29f844b3,cbe9bd832fca45d2fd174832e61ef9e7,671631055c85925baf8bd4b357d6c258
56fc76f7794d124a97fe9d274abf66cc,977a7726375110b0e31d8aa8cf71bd96,2fb5b0c03f2ba40df6cb83c3b0f459ba
4800a76871565b87fae1587c934e6217,b911a183f12660a8b63741d2ca2cafe7,256d0b35f424fc4e6e1364f7c2ab7c8d
4d723cd8c340428d7a24fb542b2c361b,5326249dbabc1fa0723a454ce86c4140,b44625c0d5f1e2023683873822fbba02
cf569cd4fd85cc067ab2f80b696b8671,b5e1e35009a3fff66666fabf9f388393,2aaedca3ef60a4aa4ac71bdc27926e36
b556e806e4b4fe217179dff49ad1e523,fb6bd47cad109ec0a4283acfe909711f,ae45ae406ae9b350adfd4ef974922dfd
6f5426175272de16853926ebdb0d03f6,c708b2bf645a97a59e4483306b7ba27e,9a88d70a0e8fd7151f1dbf52a25d9689
b65a5ac5bd9ecd775f60c3a42bbd94a8,369d356533158dd48785e894285be47e,81dc05f168bfa24b1f9c3e2fc690963b
82b7672a146769bf6f52f809a89e5c95,23ad3bcfaa203e51faad56efb5ebd0fe,61141bac00940db9dbc0da0be6b39b1b
bb3842b958c10755f7765747ef544b12,dd851f9b64faf9a1a2da609e10664517,c429495a86b26de36df0b2e93aa90eff
a70efe0903d332570cd401635f249cda,970a56224346aff86ed720cd86ba565a,8a83f9bad296097c4709a09232f9aaef
a5e01991b73f46319ffdf054cda1c993,47e706c42ba0d779751fa5dc91ea6b13,7bf45c701bb29d91676c56429b41675f
3c7952e9c6570025d44aa43fa6dd126a,90ea693acce57dba1ea36516ece1abad,2a4b614baf4f44f55167bfb1284c8ad4
4f909ebf4f6a2751fc926a1601ed9602,ea4b5f5641052a12f33fb8bade5748ea,9a88d70a0e8fd7151f1dbf52a25d9689
9be93f353b7d30c347da3ff527106cc6,c0ff1fae34c9622221bef39c10d38927,cd70d5557347222a10b28f058b50f1ef
71da4854cedcaa3547e72d667e241f14,c3ff7c068b8fe7d7f3c477e9322886f4,e1189046aeb9ae4af0e4a924ca5e9693
7b5c48d5ab7f7a15b188ef6185ab2c3d,3761f06139f51e0ecf0d107e2ee8917d,cd70d5557347222a10b28f058b50f1ef
ae940a61f677f6d8723cbdec8cb5e879,125ca28025c0c65135c3e4fcd99f3ffb,6f91fe230c9b1e7a14082312a0fd2aea
b1c750e8cb904e7d34b8830023dce89e,20f93438c983d8aa21624fc7efcb455a,df90f7b21316b0f5961a9130f2600184
ce36bb54400e6ae6d8f354e34dad3323,d1f3bce859a04b9e974324e6acdcf20e,d2002ea8647bcec63917667a6f21a480
4c3609b557d4b63dad59ee976f2fc6e9,62c712f3fa6604ebd147cccf9afbcd50,b8872253069abefd40118985b2df6bf4
8755b43c0d6d7a3109db85b0e0cdde93,d5d16047dd9b608cf2594349c8cc7e9f,4dfd0603d6a21d6506a89fee3e46a6f3
3dea4211e6bedcd9141b862d988a0280,562eb6b26e45b9a47185a4794f057333,8bce384ae9bca5d6b4d773b5ddf52c2d
87297881655b3f8908fc8d5efdc1afbc,2cacb5505689f329651baf7e086b2eb2,256d0b35f424fc4e6e1364f7c2ab7c8d
160b0daad3e00c47db0349475c27b7a5,e0cdd8d787d10df1c3c815e91da59247,256d0b35f424fc4e6e1364f7c2ab7c8d
ea194616011d47d18cd432fbafebc011,d462fd07f59fb9a98a0f394fd8d177ab,065c8225e6f3850b8f1b4865df755ad1
941abc8dab7996ece353dc5871c1f7a3,6949c4b4b0e04889d9105e271726c4b4,f8c30f634739591ffe37534f963b2ab1
eac345f7e829e2067e4e8d9fb4293088,62274f5cec18067c16a237b44e98e018,256d0b35f424fc4e6e1364f7c2ab7c8d
14f4fc27ac0e601e193e8c7d47a590d2,bb9f67f039fc8e8180315697bf9fb58c,4dfd0603d6a21d6506a89fee3e46a6f3
e1c93a7d246a6b313f2c83bce1b24f77,445247f78b1f9ad4b7ac577112e6be0b,256d0b35f424fc4e6e1364f7c2ab7c8d
92dcad3d4a8ff865933df9daf1977cef,ffc895db99c80a6752d619560e6b1e2f,735d49f612c5985a86fefbc25c40e1ca
5807a89548bf0440dac8edadb9501c78,1f7716931875020ada69d66020eb34ff,7b2d0d2a50c779e6b71077f1f8c4b15a
e6c084116592137572f8c14afc2928c7,3dfd56e0031a763c39ae251ddd7becb5,05d5914561e9f02968d3a7c3a35ea8f1
f226844116dfeb45ad1abdac17e8fd37,08ed35a3e09cb999cd7901fc184382e0,256d0b35f424fc4e6e1364f7c2ab7c8d
dc160cb75877c749bf2ae0a783f90d18,91e109208b84e24cec98e5f28c8b6ae7,d8eff8000177c14c30fec90840cd24bc
915f4fb351b8eb91a68f2a9beed288f6,6b88b11de438b8cbd485a78518b85b0c,752eba3f6fe74ad599b1c9b1073207cc
3cd048505707779bc6a05760db1de30c,30765b03ffbb9a6e8d883fe31ba0a6f8,4dfd0603d6a21d6506a89fee3e46a6f3
be5c0e337090a6e6f0d4bff05d536a8d,5a23ed5b6f3fe48551579a7dd62ab944,4dfd0603d6a21d6506a89fee3e46a6f3
a611bb0463316a188b03ea1ae1a09245,7d99eb1d4a941f9bf8a31a7266e40e5e,414997102292a143d9fa1e83a06be5b3
c2666524ffa8ada1cafc3d5f1259e9aa,eb5519c0d3eafcdba5946d4ad69629c0,7bf45c701bb29d91676c56429b41675f
5bd42b42078640360a4582d6477af2f0,3be209c5a7540f02b35cbc73a312fd4d,2a4b614baf4f44f55167bfb1284c8ad4
ab606a98730c0767724ab2717e8064c9,47f8b121d3c7f7fc8012c5dc79903289,ae45ae406ae9b350adfd4ef974922dfd
00c989045582779acd112041464f5682,85a0922480cf506c1f859a98cb9f713b,2fb5b0c03f2ba40df6cb83c3b0f459ba
bd196016e5896701d4abaeb086c50f9e,6eec1c0576cf433cf5539ea4e24a7aeb,3fef0e953486739883a1fd44288106f8
6977abac8bdc770209c22be2e707075d,7283b1092f6d0227986213b2b059affc,7d0fcfec2bdae8ac6b5b92415d8053f8
579b11b284f7cbf9abd647609ec614f6,d9bbed2b0407a93b1d69937238a621c1,2fb5b0c03f2ba40df6cb83c3b0f459ba
71f11b24ce8349d7dd8ed5f96bb4b890,7233ed4564a5e1eb441c08f907093bdc,2fb5b0c03f2ba40df6cb83c3b0f459ba
b6c3941af01f7e96ea18a493562c2fb9,a71ed3a522410f00c95fb3a9f1ed0735,2fb5b0c03f2ba40df6cb83c3b0f459ba
becdab548654924c8a3ce10fa4526e34,11f50fc0317d2322fbad9b04442e2839,a74178c504fec5fef28bf2d1a3af8092
343488776a9aa6b8b77f0ea4398c7089,534b83007d1b5f1f40d14d57dd7f26a6,9b06e290cef806d541063d72e888fe1c
80c715c646c2a56dd99a612539dbc2ee,db21ddf5bf1ee008ff6de25abdac4560,3fef0e953486739883a1fd44288106f8
b0ecfccd7ba56d5c790e29c29acd5467,57cd10d484f9c6ce3c6152aa8a35dbf5,19d5fa2496c23e37edba69102f29868c
3867b19498545d0fbfca488151d6ad42,e093c27d6869c1cf49d4834b404cf77c,56faab3a6ffcfde008e90ba0b110b098
980bfa06c750a6a8e89afdc34ae4eb38,6b2c4cfb09bd65e013f2ffe5edd22e02,c4de5b749b790bbe4cae89770f38eee8
605c7155ab22e19fcee7dfddc709b466,bda5ea87c528f9610e96c573ec16b55d,c429495a86b26de36df0b2e93aa90eff
1bbdb74112dca9597ace57132dea330c,0b0e619621b03337a56cc5d8b6715c6e,cd70d5557347222a10b28f058b50f1ef
4ebf175370d3f222bf696ab8bf7db179,3e5f0aca02a3de2e8dc35f3cbd38f5ba,bb6d7a4f09c57d945f6280c8d7c05834
6569706ad86d6344cae6f1ab0319c021,ca2de7dfd3042b6474444094e2703cd8,cfa7c4cf294db0c3274c44724de617c8
19cc106b958cd56533c75ebd4ce255b4,d67bb642e89649aa285058e51db4d1b7,dea39c6c320a72006a03496ccf8bb335
ebdad30809c019d3334ea32f798b610c,237b54e843b6e859e11b32bc580f23a0,3fef0e953486739883a1fd44288106f8
7710e0945a4cd9ac1ee9fd72d4ceeb24,4b46de1c47477b4aae747a3b000780f0,cfa7c4cf294db0c3274c44724de617c8
1b2f1b1f1a8313edfeb0cd6277cb74c6,6cce6d22b269a4d9e2a1f0e36cfcb12e,6549e87eaa0778c9e40f3fd85188ab86
580e4793b422488f76a79f0bb44b86ea,e4ab736b6155aca48a3bbfc2a25edfbd,3fef0e953486739883a1fd44288106f8
30f38f9e9e8b55e7aa0fa9cfcc7f2a14,468e2b6631a7d6208391e943bc710511,2fb5b0c03f2ba40df6cb83c3b0f459ba
b2e352c152d736a7f5fe677b117100ed,5b42488ac5f8e7ce543c1771a2990fd0,2fb5b0c03f2ba40df6cb83c3b0f459ba
a560f95427f9e5089d12f2ef9591a879,9af892713fec7bd0ade5ba96a32edd93,2fb5b0c03f2ba40df6cb83c3b0f459ba
e6bbf7329ac864ca1d08630c899d7065,dbf7f6f6886575fb6ef9676e4aae5323,3fef0e953486739883a1fd44288106f8
006b4e953e2bba08776e73372cef9382,9d23480b2af0595abdcf3f5e0a7b4a8e,b4b4f89c81c3412381672a582919478e
448c125dc0046834ee39e1b88f1d34ae,78f835251c8b38d6f029a05e2cc4d518,0b6e0b5c9ca0c40528355fbf09b05bd1
92812f37388d619680cc27b189d34627,be76e59115db46e959c18b02f172a5c3,c429495a86b26de36df0b2e93aa90eff
4da143db464b0747c122d8407072c52b,5a13730efa7b144edab5610fa486b0b3,b44625c0d5f1e2023683873822fbba02
bfaf0a2e686e80c7d2846de48d02fb38,ebb4a1eb50dc2f039fb1b49031e3b692,3bee551a4c05b3072ab68bd9e4ec128d
abace2aa67926786df3e0eab7e950309,5ab55bea8cb205f2d3fe3a967002cd6c,2fb5b0c03f2ba40df6cb83c3b0f459ba
a022b731139015ae4e96589ce5316bfb,be52078025b31e516792217bec12dfd3,2fb5b0c03f2ba40df6cb83c3b0f459ba
17bb1c5d948662030efe1b2c2218ad9c,d4e4f233abd56d4579197141ceeb81e6,2fb5b0c03f2ba40df6cb83c3b0f459ba
ebfdac56a6718cae8d1a2c698fc60ba7,5ed83ebed8a6dba21ab5b9ea01664c40,385e2bb0d3705ba50aafda47faad4ba8
841d487c101eeafbb3a73e9dadf995e0,092a170c6e059f34a79d4d48a764bb1a,2fb5b0c03f2ba40df6cb83c3b0f459ba
c062aa0bb49dacbbbe6f27c61f45a4f4,372b1c8bcd4691eabf41ea006d6ee4d2,735d49f612c5985a86fefbc25c40e1ca
a13eff8d7ee1646968c002803deeed7f,3fb9fb1c287954a7abfe9a2e0bbdd942,cfa7c4cf294db0c3274c44724de617c8
00f3c51ca5d9e84dd3e56b2dece5139a,30ba5ed566a55a2a0b55f73b4f3f8bc7,c429495a86b26de36df0b2e93aa90eff
ec87c1918d37b23ecd80fdeb49acccda,5133c7f7faa4cbef57e85e2a2820ca13,19d5fa2496c23e37edba69102f29868c
e0469cfb45cf262e57ff765778ccc064,4fbd0fad3e4b11ecf5449b62c1ac3c69,6549e87eaa0778c9e40f3fd85188ab86
696819c1e27021b69024504353e7cb85,75fac1938c6a898d9fbc74da25b76258,19d5fa2496c23e37edba69102f29868c
c5474301a7cc963d59baac80dcf616a5,1f9e6487a2eca512dd1bc633a54940bb,0f005c659d50743ecf8d75384fc607c9
51622e2542ef03e8309332ca679520be,e8f6a8dff6f72820cc5e5c2d74ac66a1,7bf45c701bb29d91676c56429b41675f
567faa8120a2cb355aa187581933ecac,bb794289948837c05c11803acde62fbb,b47ecfff1a1ab300e57d8dcb470633a5
4e660fd6fce9264f2a5dcecea1f28e98,7f14fc10ad119f582fa768d77a3bc253,e6412e716b2421cfbc35142de994bc22
fe27cfb29baa0a72ecc113535254582b,800a946174899a860d1d8d4cdf259eb8,256d0b35f424fc4e6e1364f7c2ab7c8d
f1b97fdafe00968ba4437343b4fd36cc,c54ec332f2145410f657b492f24001d7,19d5fa2496c23e37edba69102f29868c
454cc802d76a5b561053bfd7225823e4,d4822f98f1ec2c0910e5e82d911e52e1,7f11905823169f31dbd3ac100209c7c9
3f55d0eb92f6cccf825a3ba65b3494b1,3dd3aebad04aebf3036a2601724e8384,671631055c85925baf8bd4b357d6c258
8aaeee463858037f00430fe334899a62,3a3f4ac64f1297fa3bc996520b0f299f,c77167c60f37811515803f37d7e127a4
0737e9d58573ce162a8d1309bb2d0086,2a8cfd074e469377e3bcda2df8ea4c27,2a4b614baf4f44f55167bfb1284c8ad4
a1e01bb509261fdec50b2ec6c8a25c45,ac1ece449c6567638ed1e1c82f91fc8a,19d5fa2496c23e37edba69102f29868c
df26e5402a5807678c70716696c729f1,a2c707df99106e7d92757eb2369007e3,5c2d685aeaa92b376c5021355b3a62ac
f6fecfdcfefa18728da5c96ad4b3d210,9677974e0b974bb129840bf7bc0b11da,2fb5b0c03f2ba40df6cb83c3b0f459ba
e771325254386b584f4b519a70c02ff3,b8faeb03a0cc71d804762c904882b26b,19d5fa2496c23e37edba69102f29868c
54298615b2a62ddc1b740f8fd6e2cffe,9d8d9e61731f55e8e6c680187e20e9d8,b71d9256f93c1067c48980a61d3de152
6793b4366661d881ee3a75c0f002f258,67a0b10ff6353b2fbfe05eae74f99b0b,2a4b614baf4f44f55167bfb1284c8ad4
562cb5dc69e73b00db6b5921ea83219c,149cb7412707ae24995cdf65579d515a,2a4b614baf4f44f55167bfb1284c8ad4
540fca386bfb0f38afc53cc7499662f8,aa7d3f6353dcc18692c3daffe7709b24,96d53e0dde3fcfc6e3136299e9c9246f
c11232b817bb492651a68178913ef385,df6e0b99138e5537f4357af0121e0b24,3bee551a4c05b3072ab68bd9e4ec128d
0e6c2a5f94e133fecd8cdc013340bfe7,e247014475598fec9914c9fa633b3262,da8e5b441d9d4a8909fe1f32e90473c1
5f67677d5738b1fc0da9e5512b35fe99,e045c0dc03d8563b2912d71c932e963b,cfa7c4cf294db0c3274c44724de617c8
cdd238989a9ed3f2c579044d8dd797c7,1c22502f630bb9e8bde7f8fde5a40457,3bee551a4c05b3072ab68bd9e4ec128d
caa17d9705fd9f6d0702bfd660e4c04a,b38cb1720bda389fadc511ed79a27a64,414997102292a143d9fa1e83a06be5b3
f1c0704161db55f0ebb2eba43d3c8f9e,636ef6792a201d3122b43ccc19e77f44,752eba3f6fe74ad599b1c9b1073207cc
0d94a9a258ae1c6308fbe934364459fa,f450f8b83cb38fcac4d9ac0bed41c458,b71d9256f93c1067c48980a61d3de152
cb548cd1e6245f85764ab16ed6b82802,85000ec3d0f263823d4c38fadf9ab70d,cfa7c4cf294db0c3274c44724de617c8
07d9ba72919ef1a7c4bfe24cdcf1f04b,bf741e3116adaa4aa671f21d2ed26548,c429495a86b26de36df0b2e93aa90eff
0ef902ab859c323d6f1d6d2777bd5f63,87df21288c29f32a1c960e4547628d36,256d0b35f424fc4e6e1364f7c2ab7c8d
f387758cc89988a4e5c52a909bccb63a,d5805d15ad376806cc584f3bb03fc16a,2fb5b0c03f2ba40df6cb83c3b0f459ba
fa9504ad7725527a1c998ebfa278ebc7,644738c86c8063fe4601ed52ecb103a5,0b6e0b5c9ca0c40528355fbf09b05bd1
53f71deaa463a5b2c688d5f68e541ede,0931e75b34b52a534e46d04d0cc8d07c,cd70d5557347222a10b28f058b50f1ef
b6b1241bb157d0a3da1c0e672954a3fd,346d6ac6502dfded1da7b1710ba525e9,b44625c0d5f1e2023683873822fbba02
f194f27b34144398ac7d9c75f45c2002,615d2972d1744d8eeb2e3fab35bbd5ee,c429495a86b26de36df0b2e93aa90eff
97911a9b7ea3bacee64e76e2e7f8c17b,24099cf8b3e682ce6cb840c38adaa1d0,c429495a86b26de36df0b2e93aa90eff
1992dabe6656edbb1a4b2180ffb4ee37,de73228b11d9aab5e78da193a1808709,1f5b03dcba70580fc87fa763f248fa44
3d4bf2a940b929f61aaefce300305075,c7a87f5c97bd60da6c44036514c1c6ea,c429495a86b26de36df0b2e93aa90eff
3bf65d016d769c16517736f4db41f3b0,645aebd1e095962c7b45623666ee6737,8bce384ae9bca5d6b4d773b5ddf52c2d
822440fd424f36e02f6ae77eda228729,3f8aae90a92b607cc045fc701fa36094,2fb5b0c03f2ba40df6cb83c3b0f459ba
b3e316e6fa5caec1b262ec183b6e3ec9,f4ee7c60b9b75faf2b1d20f20f142373,256d0b35f424fc4e6e1364f7c2ab7c8d
abc234d2adf1e9c8f83d9338258fb4ab,bdeaa015f817ee959aa232efd8f13da3,2fb5b0c03f2ba40df6cb83c3b0f459ba
2ef132d62383d3bf504223509e1f1533,2c8aa96ca274bfd9fe53d6f3599b6125,0b6e0b5c9ca0c40528355fbf09b05bd1
3f42d7e5c147d29e6572773ce7e7a303,daecf63699d482067d8dbb212e24d7c7,e6412e716b2421cfbc35142de994bc22
4dfccd179fd6149af9560403082e96c2,4c882b867e9ef8647805ba194467f3af,2fb5b0c03f2ba40df6cb83c3b0f459ba
6e2c469e1bbc1a91d44fe07a11123176,e1f5d08fb4d5f138ac6f73b7fb2c0bae,05d5914561e9f02968d3a7c3a35ea8f1
715400aaa81ba9dd6c369e7d9e50e950,b550c1bf64a17e62194e5665ee777d96,56faab3a6ffcfde008e90ba0b110b098
a9a9d14d5929890ae9a13b57badb9bbb,f1968b933dcb2e992cb27a8b054a635e,b44625c0d5f1e2023683873822fbba02
cd02432e6a25c4e790ab5594f8f10f03,9df8a35487bf8003d429f8fbdc82c0a6,7b2d0d2a50c779e6b71077f1f8c4b15a
d83f94bf4b8adbe32bf84e8188823b57,e84552612b32f5e983671c0e32009d1a,1200380321abb10f44bbb6da7196fdbf
72ed866edd70e41c9991dffb27fccc52,736246eba265e511f0ba1cd5bdeb0a9a,cd70d5557347222a10b28f058b50f1ef
f552325cd1f11b470ff61e61b5dff968,936c65787c65b356dfba7d21a75b6d8f,cfa7c4cf294db0c3274c44724de617c8
19e50bd0d1deabae1320c3810c4a36e8,946d7b45e4776fd38db915e038af2382,cfa7c4cf294db0c3274c44724de617c8
210570ed10c02b114bd59002278f9e39,901e9e8e6b4e5eb4c244a9c4f15ad21b,56faab3a6ffcfde008e90ba0b110b098
2816dcce24e30708b20807dd73ecd80e,c4c5ae3c780a3de440def6f93131ff90,4dfd0603d6a21d6506a89fee3e46a6f3
5069db2e729417c3663e8ad87f9b7288,2d212e1205ed229da0b5551cac029ca3,ae45ae406ae9b350adfd4ef974922dfd
f529f2c0d67f35a8768b9fd10beed81e,ab0165e01a4054d71bc04a5273f7f7f6,cfa7c4cf294db0c3274c44724de617c8
333e371ef0af6429cdff5fd9e5b4898b,60fd4a860baa18892106373ddfa0e5e6,7bf45c701bb29d91676c56429b41675f
adfec38171285c9f650bdf55d7ec91a0,31ad54b3d21612463ab97dce9888747c,3c04f322775119fd3919eb85c7c67509
01dd3ea5a266f240f18c00043226c9b7,f3ee142ec881043506f0731e5106f3c9,eca33e3ef01265f6b4dcda8477b966e2
ca61347af42823bf80e0b82f04a191b1,d1567eb970480fea8d2d9ce4ef9a8ff3,b597485d99faeabb0cc8a894af9a31ee
88f3b8d7af4d924d9aada5e258ce4f51,f9fd51eadf19f1c0b5caeb61afa608a5,b597485d99faeabb0cc8a894af9a31ee
6625169d32a86f3cec2fa6b6b9e6421b,4c15f1c77bb843c678bd8dd50ebd3822,b597485d99faeabb0cc8a894af9a31ee
e2f1c9fd0fbbb2d7ef969c7802e1c5fd,5c4e15d428554211f99368f273bf3026,7bf45c701bb29d91676c56429b41675f
199e91d95e1b544ef3e6dca426254ba8,962820fd373b3ceed74f38a0f2c3a4b6,0f005c659d50743ecf8d75384fc607c9
a889224949a94887004864ca4f4215ec,a46c96491322a8c4b7cce9d86422e638,19d5fa2496c23e37edba69102f29868c
0b577bbcc55eb408c15d9da560a611f6,1d485f6e1f7ab7f4640dc2beb93718ad,b597485d99faeabb0cc8a894af9a31ee
0ddd6184401e8db0f63b169e3d0500a2,d97f0e9ddd869b780777c8810f7d2a2f,543f7361b9310b3e55a10c9c4569158c
61f07a80036547f88654a3896bf77185,f4f74ac757e461826c1a12510540ddc5,c429495a86b26de36df0b2e93aa90eff
460f9ad3cc5d32f17d54e526b48f8bfc,a4f9d85404cb74032c577c0df50a8a42,008433b937f2512f53958531950df158
acd72e14f757796fd4a8faa3b40e1805,250a361a8c5e167784866576af8d6522,7b2d0d2a50c779e6b71077f1f8c4b15a
d6139859d082408bdca89f289e79bb62,92799bfeb161333419462c8463376765,7936c28af644536bff9bd2c36391a507
381ddce0e1e6b326a2ea75d037ff16b3,33cca5a41d7e281fa9234d3948b2b4ee,05d5914561e9f02968d3a7c3a35ea8f1
f850fe0d38257b176bdfeaff89254c87,26ba97531db0650da67001679c610efd,e8140faa7946610f54936f2f06fb439b
1f4e588f929867e7478dd0cf41349e6a,4789525c88d3d492f0ca199ad9759167,19d5fa2496c23e37edba69102f29868c
6e92522a8950944a46f4917b23967c25,633bddb6261756f9c317932d24a93b86,3fef0e953486739883a1fd44288106f8
29530c1be062c6d514bac440d5f99b0f,d5cfbc202aa16dfb03fefd3f73486195,cd70d5557347222a10b28f058b50f1ef
af499ed9fd68001e75b683d2490a6263,600dd23cf64005959db9468867cab750,ea4670731529e19b132844eb138337b5
ed2dd3bfdebf1e238d40b18bc9b0bbd2,726c0f3b27e190c1075ce895c1d88bb4,54aee472348fc0b924d1439b8bdb2499
a19f5ce78c792dae6f2686b5f8dbd10d,e927cb6432bd85b7d6fd57adb35e167f,c705d217752dd50bf1d1ffdbf66971ed
3073ffa9e6fa5c1f4d478b8b3b61502d,d15957081f128e915ea8d5f43fc456dd,b44625c0d5f1e2023683873822fbba02
19b94aeccfe8bfa45d24e366b227e4fa,452a8e26fe50070d357f556f7aa12cf0,ea6a72738d81a9eeac44d1947e5fbe22
ccef358171397562d207e75aa4ee6df6,12a07804bc317a33047b4a7bc105a869,4960f59e98b15759c7b94812902a5536
252857284cad1f3f61418fc55d108021,3166708b31aea567adf3ccb27bda323f,414997102292a143d9fa1e83a06be5b3
55d82a97e6cb0d3766e33d93386d7eb5,f7208215085835b5b1aa08b0e0463b33,da8e5b441d9d4a8909fe1f32e90473c1
c0f4989772df948ac2b4b016a9391f25,749ee2d461b8b366e613c1a89d36a4e3,414997102292a143d9fa1e83a06be5b3
50d072b64d0b20a0bd4600814e893029,dcac3778758383d22b26a51f39c84d54,19d5fa2496c23e37edba69102f29868c
2b8f7592b042b2327cc97adbc04b5cb6,875977eab67ff0a86d29c03fd398ce44,256d0b35f424fc4e6e1364f7c2ab7c8d
c5b2954ec7005edd00af667b22b413b6,a3670b03a606717821ebe74fef8e38c8,2fb5b0c03f2ba40df6cb83c3b0f459ba
5ae866e0bb8293f3d56ea5480c44ee65,26701c1f7ece3b534636b45d95fd46f4,414997102292a143d9fa1e83a06be5b3
3a992f41295ca2296ac2899577a21231,2a73f7d0efe3e7c3645cb5ffcd1ac4b5,3bee551a4c05b3072ab68bd9e4ec128d
90b46b77eb1c55c8151cc40aeb97f41b,8ee4d61c408a2db6d4740dc64906f806,77645ad407267559c9646b8d2432996b
cb05553f2e1039bfd54c0ff13f962b23,83bee89710fb2640087349065aaead9e,61141bac00940db9dbc0da0be6b39b1b
1990052bc7900cebc4e59360eb25391c,8c73018e725134564a945c5515658315,414997102292a143d9fa1e83a06be5b3
a8497708fd68e76fcf2342b882d51cba,2bb91905b9d57cd6e0b31d3c50a67be1,414997102292a143d9fa1e83a06be5b3
42f75084c0baba9b40624eb1d2066cfb,d8d57f66727fb3f70db61e6127b10ab7,7b2d0d2a50c779e6b71077f1f8c4b15a
d485dcb708dc48cf85f03b74c4f9060e,6177f01bdc13a43cb8d096ebf4c9900f,e9f928cd473b8c1812c5e14a6f32d350
738fa6e15438a82f1c0e43d3b97fdd93,d086c3543b60805dc42e3f0b2264fc70,cd70d5557347222a10b28f058b50f1ef
b38a336dac0ffa4400018f7651f7c2a9,ce4bc7cdfeadc99a349ec5bd2314d908,3fef0e953486739883a1fd44288106f8
2782b991af5f49726223c4d85a090ef9,f74841c3b4725496a50c94835d5e215a,7110c331829e3a4d12c820e1364957bf
2587c8e1eb7e2622a09d57a97a819691,4d6095147f31515a0d8bc259d7b4adce,5b67802568f2295acbf369d66652e2db
d5750034a1644cf77743b2c0211969cb,086b111ccd53fdebddf97be89f2443e4,c429495a86b26de36df0b2e93aa90eff
501d76ae14417b079d82ebc5c1fb72b1,6c6816273bb77a508078c7fc49b4549f,c429495a86b26de36df0b2e93aa90eff
e09bf44fc111452a770fe8d65c7d5e91,4cb23164701a110f743e5633b7ae3bd8,c429495a86b26de36df0b2e93aa90eff
67b6c24019cddce66fdebd3055019a62,cceaf127529659766930bc82a20f18ba,7b2d0d2a50c779e6b71077f1f8c4b15a
07eb3bf5439435afba70e4f6e6dcc8b8,74d3ccf7d9102a80c13d32ea6b7a6850,2aaedca3ef60a4aa4ac71bdc27926e36
6bf2ef67380ba98805286b533778e363,44a28e94d344a37b7884545d67a51654,c429495a86b26de36df0b2e93aa90eff
59133c3cfa95ffc43d1b1b0c345924a0,12e58611aa527294552a5d8455b377cc,2a4b614baf4f44f55167bfb1284c8ad4
a5317edf0d7e8a9a3cf0bb3818b70a06,70b8eee3ed11cda61b52e1222ac6f27b,61141bac00940db9dbc0da0be6b39b1b
c66fe358ec25d03f3a24beb0a7c65412,c44a584909a009d97b24eb1c00d0c389,d23a0ae07b5abf14259d92811aad8465
423c13eeec046307c02dc2cacead0488,0dfc39f88fc8595acdaed9534570e4a7,d23a0ae07b5abf14259d92811aad8465
3dc91546f4adc8130b0795a368742de3,905ce5c3cdff41fcd10bb49f3cd85edd,e5ab27de80093f61db1355b071a8ea05
9482b0412986cd747d8224cf8620ba9d,09f2d29c218fc82618ef96178b4e3f2d,61141bac00940db9dbc0da0be6b39b1b
ecd7ae63e495e6528f0464558573b247,cbe22b4946a28b65992b1eb28710d89a,256d0b35f424fc4e6e1364f7c2ab7c8d
114ce041e90bef65670cf00f2b2b565e,b4a654c010a3f3e92f7ca169cfd73ca4,414997102292a143d9fa1e83a06be5b3
c0502bbe9fbcc552199e8e3ae2d84b4d,9922f896d6cf8d2bfecd2e8098b8b3c6,bb6d7a4f09c57d945f6280c8d7c05834
23e52eb15a3ac0cad92ebf87dbaac065,480afebc84538d0a7ebe9e44cd4d9396,2fb5b0c03f2ba40df6cb83c3b0f459ba
e3f5013d4da3a0da35efc79b855aaf7b,90fd71105e875edec31908d1f06ffb0f,ea4670731529e19b132844eb138337b5
911cf58437d061de997d2c526cc07bb3,22fe6097cb98b414f01013270c3f3e89,256d0b35f424fc4e6e1364f7c2ab7c8d
747540000503f1b48cb57ae4be2f3697,ccd051d005b524a8af15b083ea436f90,2aaedca3ef60a4aa4ac71bdc27926e36
d175295338b0575bbf9d01e8a7809bd3,6095cc4aa3799e07d850498b92fcb90c,2fb5b0c03f2ba40df6cb83c3b0f459ba
fe7ddf3addf5db224496bfa3e5860f37,f45c6ab9fa63ee1b786c5cbb42b098e8,256d0b35f424fc4e6e1364f7c2ab7c8d
d685241ca09a527b64f47ed77ffcfdcf,22a5464fccc8c53cf6a59edd45cdbd51,2a4b614baf4f44f55167bfb1284c8ad4
e1db1b759797f41bf0085788778a0dfc,228d9f8d5b79d2b4d2cdd3d1b17adfde,7b2d0d2a50c779e6b71077f1f8c4b15a
7dcf4f7209b45278649a8220eeb6358d,1cc80513ba32d3f479f5666976c86f83,cd70d5557347222a10b28f058b50f1ef
66cf080c7db037264fda6c2c604b9ee7,18543dc92cd446d20b820172c07dabd5,2fb5b0c03f2ba40df6cb83c3b0f459ba
d3c9b771ade8561369d1c5066bbe669e,ed5a0e1da6cb29fc0a70c9cc8568166b,bf4a8f08c82f7ac6c294a69844f53c36
701ab38e432e44881dc141aafd63415b,a07ff922af9330ef754e9c07c808d776,b8872253069abefd40118985b2df6bf4
ec609cb62670dc14d31de697f5010853,a8849673426679ca9560ea92f8046b5a,b8872253069abefd40118985b2df6bf4
3f2c6ca381742663714fb24f64e68870,92a63d2113a32659ee413915c104db0c,2a4b614baf4f44f55167bfb1284c8ad4
00639105ec7f87a714e362570664b9a2,6a146ae431f39f07cc465fc60488e312,2fb5b0c03f2ba40df6cb83c3b0f459ba
899e851a08ed369fcbf98c1fc2af103c,81cbaf907df86c98502f055bbd227091,735d49f612c5985a86fefbc25c40e1ca
aa8c604d6a03f286bf30e7f8c900fe28,35256e976d589374788e9eb26969c329,2fb5b0c03f2ba40df6cb83c3b0f459ba
3d0742a7a955811225639a8d941900ed,046aaaf76c1bce74bb1308b2392f0389,3bee551a4c05b3072ab68bd9e4ec128d
c398bbaf0801c0d4c80c373c816ce2f3,a54bfc6a46df2d7becb118dfb166db6b,2fb5b0c03f2ba40df6cb83c3b0f459ba
27ed10447c977670aad388d16d21f112,5d977fcdb98fe80ef5682279066482d3,cfa7c4cf294db0c3274c44724de617c8
edea502774dc75f5ece47f04f483d022,db867a530cce377bf1aec992813b5067,70f0aeadf475714a6648d5bcc04320b4
0a5809eff6a7871d30819bc8f6746092,209e37c72313df878e0db601237d491e,9a88d70a0e8fd7151f1dbf52a25d9689
b9a9a55e8936ade116a764b6c9fa9c78,b905c69a407b858d283c0d1dfe1dd62c,cfa7c4cf294db0c3274c44724de617c8
996782e7140ac19eff648698b70d76c3,518fbd0048112579802d71b5648dbcca,19d5fa2496c23e37edba69102f29868c
6aa1ee9b4137aa30efdfe9c141a64e50,192a64f9d6cf37ad6e229cddbf88a2e0,c429495a86b26de36df0b2e93aa90eff
4a3199b72d27ba208b766062d6126838,011a237ce49dbcabd4ce7d63ee088e2b,e6412e716b2421cfbc35142de994bc22
adcc7556ea64fae53f82413a6057d544,afb92093412b4950382d5f6273529ee4,a885a289c04769ff03ddeafe20148688
1e77cdcfb9a643f4279c5473a3112d53,6da612169874ebe8ad07e2c11e5983f8,bb6d7a4f09c57d945f6280c8d7c05834
4af88a9622cdbec3d61cf27648dfd312,f117b315b1d85f4a5ae703c776db36ff,c429495a86b26de36df0b2e93aa90eff
f00fbc0caa5e038f3464a5ae9b7fd4ab,4e2093a12ee223a32b2e409a3252b6f6,c429495a86b26de36df0b2e93aa90eff
ae58815034e312fc2b0124c150cfa91e,5fbc6f4757e3e8e10addb359e6064a34,c429495a86b26de36df0b2e93aa90eff
a02f95d5a6e2d2e923805dfc4731f500,8fe38092ca174b87e65611ddd8d638ce,c429495a86b26de36df0b2e93aa90eff
861c697c27ae01f87eb43be1861e2a33,f3025e74f995bb3678f6e16b98a536b1,2fb5b0c03f2ba40df6cb83c3b0f459ba
fd5d875fa908897187e9fa454a11f1e8,703df0249c9b58be0024630193d1c823,26d4ed8a73c9574d4427aec797dc1f42
9d65e72296949bd4c7d3dd7f90152572,7bf67e1419520aada1346f3b9d5fa007,c429495a86b26de36df0b2e93aa90eff
6f607600646ad35a42d4338d7b285790,3ea64153f1dff1ab853560e07a5b4514,52aa8304d0eb5755c468e51478b78d68
653a786a3971cc9d90254e85fb300e2d,296219644c8e794588c469f075fdfdde,9ac347c3a1eef7e456eb2026ae11a384
e1afa5d4a28ffd821262889671daefef,ce3a370b05245cff8f3209c5f5f0070e,c429495a86b26de36df0b2e93aa90eff
d9aef2d7c237c511323b50d64a37aabc,7cf4cb39a3006715618c4192888f35d8,c429495a86b26de36df0b2e93aa90eff
ca15d70af94dc7bc3f3417d8cbc93d23,21c819b38decfb61167d42c16f4ee396,b597485d99faeabb0cc8a894af9a31ee
57b4d58944f39523f213e6b57691a63f,ecbeb7cb9d38383ee94ba10c93d81d1a,c429495a86b26de36df0b2e93aa90eff
253d0c396d3289b048fd31eb4a9c2fa0,d1c07359643c57bacb0aa70c591cce3c,c429495a86b26de36df0b2e93aa90eff
cb770dfcdfc236c294e6231da1bb561f,16dbcb5d1c5163553463541fbbbd205f,c429495a86b26de36df0b2e93aa90eff
55c01d4c04f4b8d712b7f065b3811116,61bcf6d85bcbba54376c85460a6032b3,c705d217752dd50bf1d1ffdbf66971ed
511137a9863e1b1cb68cdd15eb3b20b2,e470779feeb7a139a9feb7882953a3fe,c429495a86b26de36df0b2e93aa90eff
97a6d28575211d2025cc1fffa3c8b0e2,edfb7008f2265175b35b8c5fa46d375a,2a4b614baf4f44f55167bfb1284c8ad4
bd4a3fd8447c9eb06af4802e44094b07,6e1c48ce4b6ee255822d4f125dca8bfa,4dfd0603d6a21d6506a89fee3e46a6f3
d64e74b22bdaff1b2d2ea8a42a2dca3b,0d9c679d31dc4c09c7a0983283894a76,cd70d5557347222a10b28f058b50f1ef
e906dc82b7489f3d5a7aa6e9568df7b0,3765e07825c578e1cacc6a52967599ad,9b06e290cef806d541063d72e888fe1c
051ce298aef64d767d1c7bcf4defe08e,072aae1b2e0f0a5caeb2babd7cce84ff,c429495a86b26de36df0b2e93aa90eff
3b2c9db81a556b9a0c55af34ae067738,37db2b1a3605e5d0afbac33fe5346903,8631cf5c0122c3ed462e0523800c37b6
