d5244ab9ecdbaf58e65e418d923c373b,a4b21c5540097335285f30f3774580f6,7c55bff5bd364db0faf11df275d094f1,ae9cb7e8a7ff0595af836e1c8dc59ed6
1d2e6434bfd3bc0893a0d06cd2bd850c,76f3885ab299d2c10554730a03321782,7936c28af644536bff9bd2c36391a507,7936c28af644536bff9bd2c36391a507
1200380321abb10f44bbb6da7196fdbf,2116bb1941d988d5001fc2caa469443e,14431c1e0df698ed8793438c3fbea95f,5227e390a2d93cb81a797444e229044a
4960f59e98b15759c7b94812902a5536,65c05d8472a865e8e2d97aff1a18e6fc,a313c5cf263da8360eca61249541a714,67ad6b24f8de39e6cf08b56008d6e370
81dc05f168bfa24b1f9c3e2fc690963b,75f723c3ba1d3a1bc7bef9ad84fe1904,a313c5cf263da8360eca61249541a714,5227e390a2d93cb81a797444e229044a
eca33e3ef01265f6b4dcda8477b966e2,a2af796f2161cfea7d7351d65548b55c,85bdbd506f20b6102c757991dbfc5db2,5227e390a2d93cb81a797444e229044a
3bee551a4c05b3072ab68bd9e4ec128d,8cc80e658c5df8b55c39b8d4c153718c,52b60e768facfd7f0e344a1073e16e94,67ad6b24f8de39e6cf08b56008d6e370
9ac347c3a1eef7e456eb2026ae11a384,be304fd3e5e9a530128e7f1d814f4573,a63e578a2036eb2f3286fd26702eaa91,14431c1e0df698ed8793438c3fbea95f
a885a289c04769ff03ddeafe20148688,1ca2571573f71ca54c95981a8bae6022,05d5914561e9f02968d3a7c3a35ea8f1,a313c5cf263da8360eca61249541a714
5c2d685aeaa92b376c5021355b3a62ac,60351e29f713b0602a855e48b1b20209,414997102292a143d9fa1e83a06be5b3,a313c5cf263da8360eca61249541a714
7936c28af644536bff9bd2c36391a507,b6beaf1e2184d89dce4423d05390e270,414997102292a143d9fa1e83a06be5b3,0aef64cd97ad6b39acb1009adc27e0f1
77586ad1b370a9107ea6a7a25aa7d7d7,aaabe94c649b4ed1cb4f9f808b3209ad,414997102292a143d9fa1e83a06be5b3,85bdbd506f20b6102c757991dbfc5db2
77645ad407267559c9646b8d2432996b,552f0fa2fd2974d2f410661894eabb20,45957943abdbc8e75ab0e79bd299cdbb,05d5914561e9f02968d3a7c3a35ea8f1
de4c83bab8a513b6cd10895537d8b1a2,c789bd9c0ac575e610a15ace24bb8ece,45957943abdbc8e75ab0e79bd299cdbb,05d5914561e9f02968d3a7c3a35ea8f1
543f7361b9310b3e55a10c9c4569158c,708f2a4fd3d6ce73c42fd69353098d80,45957943abdbc8e75ab0e79bd299cdbb,05d5914561e9f02968d3a7c3a35ea8f1
