9f5bf44e26649b24ff0f76c2b8a72fb0,3919cb5b34811b82f12b90d1552c6923,21f06c3742835eeccfcfa21d63d19cdf
708b1fc2cdfb4489dab87e85735345e7,520b3f55ccb0522f3e6060ef1835d6e1,972e05f7aca2177ddc5e07c0afb3cbcb
c8df0f23e7f2d33fd72c27554b0f4c66,113e683c4aeb6e1740e95381f58801fe,6c20b77f935c89800cebb38d73419fe7
e90623a631452a2c861c21f432ae2128,ba9080b7f2dbdd256d2d990522c593a7,dee343c76cf870e957590f70263e93b0
22b9b007df2d8e7428edf1f6c0acd2e1,2c823902f5607366ac44f7999987f983,8ec075b22904db972ca54ded09792387
091ec248102ec4e3faddf6574ccad034,2c823902f5607366ac44f7999987f983,8ec075b22904db972ca54ded09792387
720ce696fa4841f1f0da7efddc418a03,187b5e73bbf46bae049b6b89348708fe,09d639834ac86ae4b0ae4d539bbad6a2
3f8d06e7646d66b179b33496e9b0a8b8,2c823902f5607366ac44f7999987f983,8ec075b22904db972ca54ded09792387
c51fff3099a4dfe748dfd6cea33071a6,113e683c4aeb6e1740e95381f58801fe,6c20b77f935c89800cebb38d73419fe7
634f6be59e345111739b591486ea02d2,18b46bac9c6404600cf555d4c282f64e,9f4dc38e79a4b350a7b8db84e26f80fb
9ec54f823a72c31622123e8e92361143,6cd37657c625d27ec6db0a72764b530a,40e191de4f80bcdc56c0b603c9b06427
ce00c4e53717b06287959c1f08e474e9,6cd37657c625d27ec6db0a72764b530a,40e191de4f80bcdc56c0b603c9b06427
856921201dbcd0e52ef57dc926f44393,113e683c4aeb6e1740e95381f58801fe,6c20b77f935c89800cebb38d73419fe7
3ae7e381c089d7633b5e2a0959861450,ba9080b7f2dbdd256d2d990522c593a7,dee343c76cf870e957590f70263e93b0
66ec38a683fe4bebd9687c869d5b043e,2f8ec25d11e8868ce052dab0bc2343d8,6dfe717b59538391aa3a323ece1591aa
bd2df10a6b41a515c5d78b61cdde6993,187b5e73bbf46bae049b6b89348708fe,09d639834ac86ae4b0ae4d539bbad6a2
72e488c4248d1672f26a72e916acbe4d,191cb7517f291f8ce4cd734b84cfec51,e3c59416adf34a1b0daac11b737ebaa9
f5ce1a1a33e11e580d339fc96cd25197,2c823902f5607366ac44f7999987f983,8ec075b22904db972ca54ded09792387
d251af2d229ebf3f683eb32d059acae9,2c823902f5607366ac44f7999987f983,8ec075b22904db972ca54ded09792387
8336d7b687084d14d98308fc8bd48072,18b46bac9c6404600cf555d4c282f64e,9f4dc38e79a4b350a7b8db84e26f80fb
c10449798356cc22534cfe86e5113483,e4cccce30bcb06af61d070570ca1dbc8,48af117c503e7db30ab93d3192ec78bb
b30a43795dd27c3837fd2bb1ba4ab146,520b3f55ccb0522f3e6060ef1835d6e1,972e05f7aca2177ddc5e07c0afb3cbcb
08066e56f5b6efa9c33517c98bc7e5d8,191cb7517f291f8ce4cd734b84cfec51,e3c59416adf34a1b0daac11b737ebaa9
3020545eb15666c8af4a43e4bffd39a6,26e4fdf85422aff13b255d88a77a35eb,fc9388ee551b20045fd32e3afc08d18e
10e02b4fe5e89c7b3767ccfc4eaa725b,520b3f55ccb0522f3e6060ef1835d6e1,972e05f7aca2177ddc5e07c0afb3cbcb
f85f09582603fe0fbddad46566445b0e,a0b5478dfba810376edda3e5c8c6b0bd,2754c074ce7857bfb3cdcd83ddf08e05
0c81a5bbfd718eba38ec64dd3e377740,187b5e73bbf46bae049b6b89348708fe,09d639834ac86ae4b0ae4d539bbad6a2
2d50faacf0b969e165c450b04ba8d33d,a0b5478dfba810376edda3e5c8c6b0bd,2754c074ce7857bfb3cdcd83ddf08e05
33da19810d58c9f36d90f5f988772d32,e4cccce30bcb06af61d070570ca1dbc8,48af117c503e7db30ab93d3192ec78bb
8fc8591d293061cbb6b1983d7b48c0ef,18b46bac9c6404600cf555d4c282f64e,9f4dc38e79a4b350a7b8db84e26f80fb
a9808280b507f963bb6e28132d7a3dbd,e420805b4060f5fb06c0d0229a30819b,9883697e98f2a24de750f23f0b291864
195436b3fc58d9c6208503b8b2408e63,2c823902f5607366ac44f7999987f983,8ec075b22904db972ca54ded09792387
dd76d98cb9ed78003f9e9f5bad51a7c7,113e683c4aeb6e1740e95381f58801fe,6c20b77f935c89800cebb38d73419fe7
0bb15e5311a4e949e44fe93af97e37fe,80a89045356efd2f77124bd87dbd0e10,2e4a055e7b9caf610fd2e4c7df8ccb46
960ab2a5713fd7ceb799b26430797987,26e4fdf85422aff13b255d88a77a35eb,fc9388ee551b20045fd32e3afc08d18e
70be55cdc1cdc4c2214c9fadc19237ec,a0b5478dfba810376edda3e5c8c6b0bd,2754c074ce7857bfb3cdcd83ddf08e05
d6e87d73fc56871dedc568749dfd55aa,a0b5478dfba810376edda3e5c8c6b0bd,2754c074ce7857bfb3cdcd83ddf08e05
811f112cec31fd95718563e31280cce6,520b3f55ccb0522f3e6060ef1835d6e1,972e05f7aca2177ddc5e07c0afb3cbcb
dc37c041a69e0b8c4b6cce4f039bd7f7,520b3f55ccb0522f3e6060ef1835d6e1,972e05f7aca2177ddc5e07c0afb3cbcb
03e9f5da408b7981ed1f9b3ba86ec8d8,520b3f55ccb0522f3e6060ef1835d6e1,972e05f7aca2177ddc5e07c0afb3cbcb
e920ec742bd4ed7e540dfa76a99ddfde,ba9080b7f2dbdd256d2d990522c593a7,dee343c76cf870e957590f70263e93b0
bab5b0fd112e87be82d3c7160fbb7bbc,7e6383c5165f9fb4b8c052d62d859979,b32f7cdb0019ecc65df08215153157b3
3d23bc7d4d8bfcb4fd42e1478be41c7a,2f8ec25d11e8868ce052dab0bc2343d8,6dfe717b59538391aa3a323ece1591aa
9852d5ac4ef5c7dcc175b8cc3f8d1706,520b3f55ccb0522f3e6060ef1835d6e1,972e05f7aca2177ddc5e07c0afb3cbcb
b1d2bb905e46e2b6d0e5c059e1fe271d,e420805b4060f5fb06c0d0229a30819b,9883697e98f2a24de750f23f0b291864
3eb254f53ce96d697e5bb13a650449a2,191cb7517f291f8ce4cd734b84cfec51,e3c59416adf34a1b0daac11b737ebaa9
fb10c98d1f39711209aaa047fee58de2,18b46bac9c6404600cf555d4c282f64e,9f4dc38e79a4b350a7b8db84e26f80fb
faff49414d3438191c1b5071e7e30a2a,80a89045356efd2f77124bd87dbd0e10,2e4a055e7b9caf610fd2e4c7df8ccb46
ba73cad7edf8c644df3a83f1a7e398ce,520b3f55ccb0522f3e6060ef1835d6e1,972e05f7aca2177ddc5e07c0afb3cbcb
6ee1c918f817b52dc6e12c207ab74cd6,a0b5478dfba810376edda3e5c8c6b0bd,2754c074ce7857bfb3cdcd83ddf08e05
e4cccce30bcb06af61d070570ca1dbc8,26e4fdf85422aff13b255d88a77a35eb,fc9388ee551b20045fd32e3afc08d18e
6c70a2fd7aed0d5b72abc1167a41843b,7e6383c5165f9fb4b8c052d62d859979,b32f7cdb0019ecc65df08215153157b3
0d6eac7e0c87f4b531fbd0bc3c586748,113e683c4aeb6e1740e95381f58801fe,6c20b77f935c89800cebb38d73419fe7
10fe52ef3a60ee4bc3ae413570b2855e,e420805b4060f5fb06c0d0229a30819b,9883697e98f2a24de750f23f0b291864
fb3124edfc9b061178221b2d57cf9e15,18b46bac9c6404600cf555d4c282f64e,9f4dc38e79a4b350a7b8db84e26f80fb
a05b3961e8257a8b92a6a2c0a2b9fd01,ba9080b7f2dbdd256d2d990522c593a7,dee343c76cf870e957590f70263e93b0
85bedd03175a3a09a9b005cdc70ef142,2f8ec25d11e8868ce052dab0bc2343d8,6dfe717b59538391aa3a323ece1591aa
b6ab45c1081b765d16ff1de485f3b9b4,191cb7517f291f8ce4cd734b84cfec51,e3c59416adf34a1b0daac11b737ebaa9
6b0d03ebc7a975827d77c90b8aee94f3,26e4fdf85422aff13b255d88a77a35eb,fc9388ee551b20045fd32e3afc08d18e
1748e072d8af41be0b4da4d40856419b,a0b5478dfba810376edda3e5c8c6b0bd,2754c074ce7857bfb3cdcd83ddf08e05
e04ddb9b071699948c2078afe8441269,187b5e73bbf46bae049b6b89348708fe,09d639834ac86ae4b0ae4d539bbad6a2
94b99679d34a5a9ca239d645c7636b19,26e4fdf85422aff13b255d88a77a35eb,fc9388ee551b20045fd32e3afc08d18e
240fa1a287396144188e8ef5769cc0f7,113e683c4aeb6e1740e95381f58801fe,6c20b77f935c89800cebb38d73419fe7
ca09bde64cd9d8952f79f8904ea62d2f,187b5e73bbf46bae049b6b89348708fe,09d639834ac86ae4b0ae4d539bbad6a2
282d4861f4cd595ead48fa9a7bf22e2b,e420805b4060f5fb06c0d0229a30819b,9883697e98f2a24de750f23f0b291864
8513b577eea628b310032d0d88727e31,113e683c4aeb6e1740e95381f58801fe,6c20b77f935c89800cebb38d73419fe7
0ff92ccd6ccf129e8d48d3c6625ff8a7,2c823902f5607366ac44f7999987f983,8ec075b22904db972ca54ded09792387
0c98b5a60e4d819a4f172269b2267fe4,2f8ec25d11e8868ce052dab0bc2343d8,6dfe717b59538391aa3a323ece1591aa
cb9b31239930c5a3aeecba90aa6f28d4,520b3f55ccb0522f3e6060ef1835d6e1,972e05f7aca2177ddc5e07c0afb3cbcb
4a5cdf9e84f897d4f4e3f39400939041,2f8ec25d11e8868ce052dab0bc2343d8,6dfe717b59538391aa3a323ece1591aa
a5b0685668a547040473bca9226b66ea,18b46bac9c6404600cf555d4c282f64e,9f4dc38e79a4b350a7b8db84e26f80fb
9d3929beb625d8acda16ad09e3857be7,6cd37657c625d27ec6db0a72764b530a,40e191de4f80bcdc56c0b603c9b06427
6d81dded7c9053ce159acf67e7a309ab,520b3f55ccb0522f3e6060ef1835d6e1,972e05f7aca2177ddc5e07c0afb3cbcb
167a4ba4d1f26e29155db2882d03bb97,2f8ec25d11e8868ce052dab0bc2343d8,6dfe717b59538391aa3a323ece1591aa
84ea986426970025fc03a1b4ef95bb43,187b5e73bbf46bae049b6b89348708fe,09d639834ac86ae4b0ae4d539bbad6a2
85cd8a28b6b30538b707e3a49cc1bdcc,6cd37657c625d27ec6db0a72764b530a,40e191de4f80bcdc56c0b603c9b06427
47aa2bb387cf3e0f590eace283aac3b4,113e683c4aeb6e1740e95381f58801fe,6c20b77f935c89800cebb38d73419fe7
4de162e063c2d502c72e2949c6e0e2f4,26e4fdf85422aff13b255d88a77a35eb,fc9388ee551b20045fd32e3afc08d18e
f5236cba9a1698504efc92850dc1993a,80a89045356efd2f77124bd87dbd0e10,2e4a055e7b9caf610fd2e4c7df8ccb46
c68bdaeab87ca01e01aeb41b41c34cfd,a0b5478dfba810376edda3e5c8c6b0bd,2754c074ce7857bfb3cdcd83ddf08e05
f4894eef6953780264492e043d2f6adf,2c823902f5607366ac44f7999987f983,8ec075b22904db972ca54ded09792387
fe715345265329d032f5b9ddac97bfc0,520b3f55ccb0522f3e6060ef1835d6e1,972e05f7aca2177ddc5e07c0afb3cbcb
954a4696c25a25563a2f0d46744e14ce,2f8ec25d11e8868ce052dab0bc2343d8,6dfe717b59538391aa3a323ece1591aa
9cc15b1cb0484a500ed1c46f348f46a2,80a89045356efd2f77124bd87dbd0e10,2e4a055e7b9caf610fd2e4c7df8ccb46
d25f881ae111b4366267d9689b59f993,191cb7517f291f8ce4cd734b84cfec51,e3c59416adf34a1b0daac11b737ebaa9
66be5be06fa42fe8d2b624f78eb96994,187b5e73bbf46bae049b6b89348708fe,09d639834ac86ae4b0ae4d539bbad6a2
e57d2e54d206c971236c6a3532d0182f,e420805b4060f5fb06c0d0229a30819b,9883697e98f2a24de750f23f0b291864
f1e296bc38bfb7e86532d3f03995e8c2,2e68a55be700b54ae9d92efb2c52378c,2980c6e4253deb7bbcbbbebd5fb6c35b
6cdafc301c6503e0956220fe73bc7e07,7e6383c5165f9fb4b8c052d62d859979,b32f7cdb0019ecc65df08215153157b3
4c30211915a131f976d5464ea4f8448e,26e4fdf85422aff13b255d88a77a35eb,fc9388ee551b20045fd32e3afc08d18e
9e75ab74aba8759d61b4ba371ae77dd8,113e683c4aeb6e1740e95381f58801fe,6c20b77f935c89800cebb38d73419fe7
ec3abd88f00d562fdc98f1a2bb055740,18b46bac9c6404600cf555d4c282f64e,9f4dc38e79a4b350a7b8db84e26f80fb
6c382213e7d2c9e7447c8ccff9384b26,191cb7517f291f8ce4cd734b84cfec51,e3c59416adf34a1b0daac11b737ebaa9
e935bf07116253253a707fa4a22f49ba,a0b5478dfba810376edda3e5c8c6b0bd,2754c074ce7857bfb3cdcd83ddf08e05
9a4e484c01ad80a12961d064a8f01a13,191cb7517f291f8ce4cd734b84cfec51,e3c59416adf34a1b0daac11b737ebaa9
0c8bb5d4c4db55f37f2ab08ca1c2cfc3,18b46bac9c6404600cf555d4c282f64e,9f4dc38e79a4b350a7b8db84e26f80fb
0a7105b4bea6b890924a78c8ade66be3,a0b5478dfba810376edda3e5c8c6b0bd,2754c074ce7857bfb3cdcd83ddf08e05
c7d7d8c8132206c1a93be050ae098a68,7e6383c5165f9fb4b8c052d62d859979,b32f7cdb0019ecc65df08215153157b3
07c47c8ac74a66cb2ddff92c80910002,7e6383c5165f9fb4b8c052d62d859979,b32f7cdb0019ecc65df08215153157b3
b4cba8984d5e4db86601769d81b31a0e,ba9080b7f2dbdd256d2d990522c593a7,dee343c76cf870e957590f70263e93b0
89bf65d370c2194133de239e5550e3d8,113e683c4aeb6e1740e95381f58801fe,6c20b77f935c89800cebb38d73419fe7
3b187bbab7caeab975c51ab0e4ccaceb,ba9080b7f2dbdd256d2d990522c593a7,dee343c76cf870e957590f70263e93b0
c86a1d2b23ce7073ebc0b2028a61d878,2e68a55be700b54ae9d92efb2c52378c,2980c6e4253deb7bbcbbbebd5fb6c35b
3c3cc178b40c93364068aab6cefd6de2,520b3f55ccb0522f3e6060ef1835d6e1,972e05f7aca2177ddc5e07c0afb3cbcb
e1133a29ef6801c3948637c1d17bc3a4,113e683c4aeb6e1740e95381f58801fe,6c20b77f935c89800cebb38d73419fe7
8ec23ea928972f808ac408e3eaaf40da,e4cccce30bcb06af61d070570ca1dbc8,48af117c503e7db30ab93d3192ec78bb
a87f5c21d0f1d5810b0e826c662e2f98,2c823902f5607366ac44f7999987f983,8ec075b22904db972ca54ded09792387
ad1b896986e824caebfb5fe845d93f92,7e6383c5165f9fb4b8c052d62d859979,b32f7cdb0019ecc65df08215153157b3
fc9abc3c62d3931a0ee383d658d1554a,2e68a55be700b54ae9d92efb2c52378c,2980c6e4253deb7bbcbbbebd5fb6c35b
d993eabf1463b405227da51e8ebb6f39,e420805b4060f5fb06c0d0229a30819b,9883697e98f2a24de750f23f0b291864
de8c87784d53e907f5d71a832b92369d,e420805b4060f5fb06c0d0229a30819b,9883697e98f2a24de750f23f0b291864
edef6eebe2ccae1e6c2004255972b219,e4cccce30bcb06af61d070570ca1dbc8,48af117c503e7db30ab93d3192ec78bb
76c2d21f203b02bb6f56c23b50967dcf,18b46bac9c6404600cf555d4c282f64e,9f4dc38e79a4b350a7b8db84e26f80fb
6e8c702d00309c37c5970940ad7fdde5,e420805b4060f5fb06c0d0229a30819b,9883697e98f2a24de750f23f0b291864
560f1b529d0ae7ce0a8d5cca49267d91,2f8ec25d11e8868ce052dab0bc2343d8,6dfe717b59538391aa3a323ece1591aa
587efbbbe0818350e7bf6393c74d872c,191cb7517f291f8ce4cd734b84cfec51,e3c59416adf34a1b0daac11b737ebaa9
a31a9a5b7e679b3c28b9bf0a6617d2b9,a0b5478dfba810376edda3e5c8c6b0bd,2754c074ce7857bfb3cdcd83ddf08e05
26e4fdf85422aff13b255d88a77a35eb,2e68a55be700b54ae9d92efb2c52378c,2980c6e4253deb7bbcbbbebd5fb6c35b
703709ce28892d8bb912e6782b1285e5,187b5e73bbf46bae049b6b89348708fe,09d639834ac86ae4b0ae4d539bbad6a2
010d344a072c3f425e22924e7c4631c2,e4cccce30bcb06af61d070570ca1dbc8,48af117c503e7db30ab93d3192ec78bb
a87ec126a63e7c3aa345fe84f6fe69c2,18b46bac9c6404600cf555d4c282f64e,9f4dc38e79a4b350a7b8db84e26f80fb
bc5ecfa05a08527a295c9e18c7473cf3,e4cccce30bcb06af61d070570ca1dbc8,48af117c503e7db30ab93d3192ec78bb
d3454cf54a4068fbbdc4bc8d3aaa5527,2e68a55be700b54ae9d92efb2c52378c,2980c6e4253deb7bbcbbbebd5fb6c35b
71e9093c6f1584d6c07a9d1f2fa93429,113e683c4aeb6e1740e95381f58801fe,6c20b77f935c89800cebb38d73419fe7
8a332b4a7335dfa5c34e38092d9a328e,2c823902f5607366ac44f7999987f983,8ec075b22904db972ca54ded09792387
d09d8189e32552f1dae4a14720ce5fe4,6cd37657c625d27ec6db0a72764b530a,40e191de4f80bcdc56c0b603c9b06427
ed1a3248126d1affff4790edefb542bb,2f8ec25d11e8868ce052dab0bc2343d8,6dfe717b59538391aa3a323ece1591aa
db86e229b1bb4548cdd0ad5499b2c91c,520b3f55ccb0522f3e6060ef1835d6e1,972e05f7aca2177ddc5e07c0afb3cbcb
e34a88f2f0c3d31fdda30f4162ba1810,520b3f55ccb0522f3e6060ef1835d6e1,972e05f7aca2177ddc5e07c0afb3cbcb
84b8a904f77c68b6c0928e0d5e058e7d,2e68a55be700b54ae9d92efb2c52378c,2980c6e4253deb7bbcbbbebd5fb6c35b
33c314d661964eab2aff1b720b1e85d1,a0b5478dfba810376edda3e5c8c6b0bd,2754c074ce7857bfb3cdcd83ddf08e05
4189ea5b2689aed515b9b4f6194efb8d,7e6383c5165f9fb4b8c052d62d859979,b32f7cdb0019ecc65df08215153157b3
e265dc10ec37b61435a676c6246813aa,ba9080b7f2dbdd256d2d990522c593a7,dee343c76cf870e957590f70263e93b0
520b3f55ccb0522f3e6060ef1835d6e1,2e68a55be700b54ae9d92efb2c52378c,2980c6e4253deb7bbcbbbebd5fb6c35b
5aa29a4c62fcae367b5664a772cd4a4e,2e68a55be700b54ae9d92efb2c52378c,2980c6e4253deb7bbcbbbebd5fb6c35b
82f688463f44d7bc0c96fa2d637dc07c,187b5e73bbf46bae049b6b89348708fe,09d639834ac86ae4b0ae4d539bbad6a2
a676c5a46cd9e018f69daf3d03bc6824,e420805b4060f5fb06c0d0229a30819b,9883697e98f2a24de750f23f0b291864
3877a2a73f0bde5a2545ee3217644b75,e4cccce30bcb06af61d070570ca1dbc8,48af117c503e7db30ab93d3192ec78bb
aa81bdc7c5081c267e316dc013bd6ad7,6cd37657c625d27ec6db0a72764b530a,40e191de4f80bcdc56c0b603c9b06427
1c0df49db363bdb8f2b88d2ede20dcec,26e4fdf85422aff13b255d88a77a35eb,fc9388ee551b20045fd32e3afc08d18e
c3cb78835a237696d830c8bb5fee9fa7,7e6383c5165f9fb4b8c052d62d859979,b32f7cdb0019ecc65df08215153157b3
9f4258c4d4c63d1dce5a606ee0c64706,113e683c4aeb6e1740e95381f58801fe,6c20b77f935c89800cebb38d73419fe7
85cd0f18fbc1487930c0a7da890f50e7,113e683c4aeb6e1740e95381f58801fe,6c20b77f935c89800cebb38d73419fe7
b0bf13963231c83150d29a16d951dc98,191cb7517f291f8ce4cd734b84cfec51,e3c59416adf34a1b0daac11b737ebaa9
436dc42d24602e2233774861c0b00f06,ba9080b7f2dbdd256d2d990522c593a7,dee343c76cf870e957590f70263e93b0
f226f0f6e0546fd684d1db8c10e619c1,187b5e73bbf46bae049b6b89348708fe,09d639834ac86ae4b0ae4d539bbad6a2
24dbf67d05f93ffe1e06826058c88af6,7e6383c5165f9fb4b8c052d62d859979,b32f7cdb0019ecc65df08215153157b3
2e2391d1c80864ff5e9a50a2c705911d,191cb7517f291f8ce4cd734b84cfec51,e3c59416adf34a1b0daac11b737ebaa9
458fb72e2a67854631d7c503d322841a,e4cccce30bcb06af61d070570ca1dbc8,48af117c503e7db30ab93d3192ec78bb
7bc88a149a255283264d99318bb45568,187b5e73bbf46bae049b6b89348708fe,09d639834ac86ae4b0ae4d539bbad6a2
75b8c0908d9986d335aadcde2718e6d0,18b46bac9c6404600cf555d4c282f64e,9f4dc38e79a4b350a7b8db84e26f80fb
61e049f582082e87272c8de8b27855e7,520b3f55ccb0522f3e6060ef1835d6e1,972e05f7aca2177ddc5e07c0afb3cbcb
c75e860413bf8a16004f1ed9574cde92,2f8ec25d11e8868ce052dab0bc2343d8,6dfe717b59538391aa3a323ece1591aa
5472eb3a619dbbeba814aa8aa72288c1,2c823902f5607366ac44f7999987f983,8ec075b22904db972ca54ded09792387
594f99dae521d374e1b74a0f6abf6a8b,2f8ec25d11e8868ce052dab0bc2343d8,6dfe717b59538391aa3a323ece1591aa
c2b9421947c51d493286e888555b956d,7e6383c5165f9fb4b8c052d62d859979,b32f7cdb0019ecc65df08215153157b3
02e1961a656d04486f87ea47e47490ad,520b3f55ccb0522f3e6060ef1835d6e1,972e05f7aca2177ddc5e07c0afb3cbcb
58e9c73869e38f2cf57c2af80984f095,e4cccce30bcb06af61d070570ca1dbc8,48af117c503e7db30ab93d3192ec78bb
b4858152a5aa1eb4cb4751a66f10f063,113e683c4aeb6e1740e95381f58801fe,6c20b77f935c89800cebb38d73419fe7
bad4e11b1413f06dca8dfa8d4f511a53,80a89045356efd2f77124bd87dbd0e10,2e4a055e7b9caf610fd2e4c7df8ccb46
1ce46964a9728226bd62f46a73a4125d,6cd37657c625d27ec6db0a72764b530a,40e191de4f80bcdc56c0b603c9b06427
190136bb47158409e3004393df9696de,520b3f55ccb0522f3e6060ef1835d6e1,972e05f7aca2177ddc5e07c0afb3cbcb
a0b5478dfba810376edda3e5c8c6b0bd,2f8ec25d11e8868ce052dab0bc2343d8,6dfe717b59538391aa3a323ece1591aa
f260e0f90d009e8fd17404d27296e815,2c823902f5607366ac44f7999987f983,8ec075b22904db972ca54ded09792387
7da16dc95df6a1ff3ab24706013b3d33,ba9080b7f2dbdd256d2d990522c593a7,dee343c76cf870e957590f70263e93b0
03183c22a6b04ced14c82ae4db8c1f18,191cb7517f291f8ce4cd734b84cfec51,e3c59416adf34a1b0daac11b737ebaa9
e70aa2eb333e8718e01d0d1a336341fb,2c823902f5607366ac44f7999987f983,8ec075b22904db972ca54ded09792387
ab25d355e7a8506daac1cf772267c968,2e68a55be700b54ae9d92efb2c52378c,2980c6e4253deb7bbcbbbebd5fb6c35b
a9bf0e598ec6d8dcecbf62f67067716a,a0b5478dfba810376edda3e5c8c6b0bd,2754c074ce7857bfb3cdcd83ddf08e05
41fbb55c677538e57ad5ef411ddb903d,e420805b4060f5fb06c0d0229a30819b,9883697e98f2a24de750f23f0b291864
120b18a089788121cf6caefdd68f19b2,ba9080b7f2dbdd256d2d990522c593a7,dee343c76cf870e957590f70263e93b0
ab19cb2a706cc50f46e4379bee586410,113e683c4aeb6e1740e95381f58801fe,6c20b77f935c89800cebb38d73419fe7
3aa9cd99a904d6dc6dcc7be0965484d7,e4cccce30bcb06af61d070570ca1dbc8,48af117c503e7db30ab93d3192ec78bb
a61848632c43014f27ed0718165a4b02,26e4fdf85422aff13b255d88a77a35eb,fc9388ee551b20045fd32e3afc08d18e
110ccae91c0f1c61d9380d44b5a040b4,6cd37657c625d27ec6db0a72764b530a,40e191de4f80bcdc56c0b603c9b06427
f48c2c70928903bf356fa89445f239cf,2c823902f5607366ac44f7999987f983,8ec075b22904db972ca54ded09792387
e420805b4060f5fb06c0d0229a30819b,18b46bac9c6404600cf555d4c282f64e,9f4dc38e79a4b350a7b8db84e26f80fb
be7f6d9f9a0bad3942eaf3ee328dd1c6,113e683c4aeb6e1740e95381f58801fe,6c20b77f935c89800cebb38d73419fe7
3375fd12abf6b800b135ee083ec6202a,7e6383c5165f9fb4b8c052d62d859979,b32f7cdb0019ecc65df08215153157b3
3dd8758b77fc28580b35986040157d98,80a89045356efd2f77124bd87dbd0e10,2e4a055e7b9caf610fd2e4c7df8ccb46
d146f4e344d33381bd9be3cbf7ba74dd,26e4fdf85422aff13b255d88a77a35eb,fc9388ee551b20045fd32e3afc08d18e
b68ccc0dd3ef06e3f2046013fc8c09b6,e4cccce30bcb06af61d070570ca1dbc8,48af117c503e7db30ab93d3192ec78bb
6cb595582f45e00496de4dcd753b737c,6cd37657c625d27ec6db0a72764b530a,40e191de4f80bcdc56c0b603c9b06427
6f88106745750de6ecc8cf86daf85aa2,520b3f55ccb0522f3e6060ef1835d6e1,972e05f7aca2177ddc5e07c0afb3cbcb
19143f1a2ad90d37510a36e1d8a563e7,520b3f55ccb0522f3e6060ef1835d6e1,972e05f7aca2177ddc5e07c0afb3cbcb
ef19877804ce80e92d4887f71a12262c,187b5e73bbf46bae049b6b89348708fe,09d639834ac86ae4b0ae4d539bbad6a2
8a9504867213a11613926c4c847eff7c,a0b5478dfba810376edda3e5c8c6b0bd,2754c074ce7857bfb3cdcd83ddf08e05
ef7cecaa88f2c5583444edc6ff8a5863,80a89045356efd2f77124bd87dbd0e10,2e4a055e7b9caf610fd2e4c7df8ccb46
a326a141d23eb6b3d673eed81238d47a,a0b5478dfba810376edda3e5c8c6b0bd,2754c074ce7857bfb3cdcd83ddf08e05
94ba8d0be531c64fdd47ce0e42f35f98,ba9080b7f2dbdd256d2d990522c593a7,dee343c76cf870e957590f70263e93b0
bc743c8944b45b5d67611df64be121c7,80a89045356efd2f77124bd87dbd0e10,2e4a055e7b9caf610fd2e4c7df8ccb46
7ce8ce5ca2e20abc29b9de03d595a2e3,ba9080b7f2dbdd256d2d990522c593a7,dee343c76cf870e957590f70263e93b0
37617157a7562a1a3e5fa2f695223d2f,520b3f55ccb0522f3e6060ef1835d6e1,972e05f7aca2177ddc5e07c0afb3cbcb
18078e23c5a52c5831aa51b995ef48d1,e420805b4060f5fb06c0d0229a30819b,9883697e98f2a24de750f23f0b291864
be4c81a33a4a5b6eaa3788c8a74ce74c,2f8ec25d11e8868ce052dab0bc2343d8,6dfe717b59538391aa3a323ece1591aa
0e9789afce4fdaec66e2dbc64cdf1efb,e4cccce30bcb06af61d070570ca1dbc8,48af117c503e7db30ab93d3192ec78bb
bf325b0772fc4986c8683c635991a24c,191cb7517f291f8ce4cd734b84cfec51,e3c59416adf34a1b0daac11b737ebaa9
d6414d7580443263bd630a293af1005f,7e6383c5165f9fb4b8c052d62d859979,b32f7cdb0019ecc65df08215153157b3
fc4589d255666b48ab106d21ff0e0144,113e683c4aeb6e1740e95381f58801fe,6c20b77f935c89800cebb38d73419fe7
67f6085dc6a6b6b3dd4a44f801a1eb24,80a89045356efd2f77124bd87dbd0e10,2e4a055e7b9caf610fd2e4c7df8ccb46
bb223f8ee5a0a9292e4c7b63efa95e4d,2c823902f5607366ac44f7999987f983,8ec075b22904db972ca54ded09792387
9d6f309a3562c1877432e4b06601b9f3,6cd37657c625d27ec6db0a72764b530a,40e191de4f80bcdc56c0b603c9b06427
828c79d899c66cb9cf608bb3a8196fa6,e4cccce30bcb06af61d070570ca1dbc8,48af117c503e7db30ab93d3192ec78bb
7e6383c5165f9fb4b8c052d62d859979,7e6383c5165f9fb4b8c052d62d859979,b32f7cdb0019ecc65df08215153157b3
4ec875ee3c8891970f73e340a5f3929a,187b5e73bbf46bae049b6b89348708fe,09d639834ac86ae4b0ae4d539bbad6a2
7b259fba2c358c2e9b11fb0688daeb75,2f8ec25d11e8868ce052dab0bc2343d8,6dfe717b59538391aa3a323ece1591aa
856535ad5c8c1ded10f43b9416e9b1c4,520b3f55ccb0522f3e6060ef1835d6e1,972e05f7aca2177ddc5e07c0afb3cbcb
a1ee99bd1438871afdd82de0d3d21c20,e420805b4060f5fb06c0d0229a30819b,9883697e98f2a24de750f23f0b291864
b455294fa9197fac865b1344792b0a95,18b46bac9c6404600cf555d4c282f64e,9f4dc38e79a4b350a7b8db84e26f80fb
c8c33c641c61f62a20edf57e8e21fc5c,7e6383c5165f9fb4b8c052d62d859979,b32f7cdb0019ecc65df08215153157b3
281a61c5001c271d0a886306e78b7d5d,e420805b4060f5fb06c0d0229a30819b,9883697e98f2a24de750f23f0b291864
59e6fa3cc91a3386d04ded3181659a53,26e4fdf85422aff13b255d88a77a35eb,fc9388ee551b20045fd32e3afc08d18e
d253328b507a36b24dc931a7ed04ce03,2c823902f5607366ac44f7999987f983,8ec075b22904db972ca54ded09792387
110a31812fd8eda021b9f25978803393,191cb7517f291f8ce4cd734b84cfec51,e3c59416adf34a1b0daac11b737ebaa9
69481f472c4138567dc9e677d6aee239,191cb7517f291f8ce4cd734b84cfec51,e3c59416adf34a1b0daac11b737ebaa9
14ab1dc7a948f57b90d8824d2ea35599,7e6383c5165f9fb4b8c052d62d859979,b32f7cdb0019ecc65df08215153157b3
d9a1e362b3b748e6ef5d39517d97fe0b,26e4fdf85422aff13b255d88a77a35eb,fc9388ee551b20045fd32e3afc08d18e
9688eccba2a07d8a5d4ac67c9e1c33d5,ba9080b7f2dbdd256d2d990522c593a7,dee343c76cf870e957590f70263e93b0
5974edd36176e830d1094dda834f0f1a,2f8ec25d11e8868ce052dab0bc2343d8,6dfe717b59538391aa3a323ece1591aa
d7ae1cf2edd6ea8fad963f15a3684296,2c823902f5607366ac44f7999987f983,8ec075b22904db972ca54ded09792387
7a388f8c265653da4bd050b503720c5d,e4cccce30bcb06af61d070570ca1dbc8,48af117c503e7db30ab93d3192ec78bb
62ee13d1db224c98ad554535c3d3b25b,e420805b4060f5fb06c0d0229a30819b,9883697e98f2a24de750f23f0b291864
9bc5c700f48498f7a9fb7de9b9a57191,113e683c4aeb6e1740e95381f58801fe,6c20b77f935c89800cebb38d73419fe7
1701e35a8c464cfdb9ee1b6a427a032c,e4cccce30bcb06af61d070570ca1dbc8,48af117c503e7db30ab93d3192ec78bb
b27f8eb85a50af94a6ac9169115294f5,187b5e73bbf46bae049b6b89348708fe,09d639834ac86ae4b0ae4d539bbad6a2
a0dc7f916f481ae29f3969c77cc07e24,191cb7517f291f8ce4cd734b84cfec51,e3c59416adf34a1b0daac11b737ebaa9
75de0cac5b2259c924352698a28d6015,2e68a55be700b54ae9d92efb2c52378c,2980c6e4253deb7bbcbbbebd5fb6c35b
8659505acd7e85ba5856f8f92a654c64,ba9080b7f2dbdd256d2d990522c593a7,dee343c76cf870e957590f70263e93b0
efa946fbe3d99111180db001273e5b6d,26e4fdf85422aff13b255d88a77a35eb,fc9388ee551b20045fd32e3afc08d18e
547f96c20dbf3339bba019e0a5aa2419,520b3f55ccb0522f3e6060ef1835d6e1,972e05f7aca2177ddc5e07c0afb3cbcb
977c031ea8b010827cd2a295f97ce404,18b46bac9c6404600cf555d4c282f64e,9f4dc38e79a4b350a7b8db84e26f80fb
867584a422c868e1fcffa738b4c9f5a3,26e4fdf85422aff13b255d88a77a35eb,fc9388ee551b20045fd32e3afc08d18e
8a9b055cd305653bf3e1d7e861b9c83d,187b5e73bbf46bae049b6b89348708fe,09d639834ac86ae4b0ae4d539bbad6a2
8880a1aa18cdabb50552b584fc838cbe,2e68a55be700b54ae9d92efb2c52378c,2980c6e4253deb7bbcbbbebd5fb6c35b
475310f72513393e9884e637907c77e7,a0b5478dfba810376edda3e5c8c6b0bd,2754c074ce7857bfb3cdcd83ddf08e05
eed513c3ac94626bdb157b730bccf450,80a89045356efd2f77124bd87dbd0e10,2e4a055e7b9caf610fd2e4c7df8ccb46
ba931983836f4c436fea73b96cea96ff,a0b5478dfba810376edda3e5c8c6b0bd,2754c074ce7857bfb3cdcd83ddf08e05
bf80486653283cd331625fc4c87a6f03,6cd37657c625d27ec6db0a72764b530a,40e191de4f80bcdc56c0b603c9b06427
d89403180605e6166594be62ff3aeff4,6cd37657c625d27ec6db0a72764b530a,40e191de4f80bcdc56c0b603c9b06427
b96738df3ac4ba296f68ff2739e80a0e,26e4fdf85422aff13b255d88a77a35eb,fc9388ee551b20045fd32e3afc08d18e
738c5a5d2b4c461fa460b27cf56d65ca,191cb7517f291f8ce4cd734b84cfec51,e3c59416adf34a1b0daac11b737ebaa9
77c003201c4fa9ccd877c19586c5a7d5,e4cccce30bcb06af61d070570ca1dbc8,48af117c503e7db30ab93d3192ec78bb
191cb7517f291f8ce4cd734b84cfec51,2f8ec25d11e8868ce052dab0bc2343d8,6dfe717b59538391aa3a323ece1591aa
53cf3c139411c8c1a77be64bc311a777,2f8ec25d11e8868ce052dab0bc2343d8,6dfe717b59538391aa3a323ece1591aa
2248f92995d26c998df506642452ba31,6cd37657c625d27ec6db0a72764b530a,40e191de4f80bcdc56c0b603c9b06427
13bb9dc96ee129fc083828bfc1ff0cd1,2c823902f5607366ac44f7999987f983,8ec075b22904db972ca54ded09792387
f0ab2285bb433cfb354a168256bd12d0,80a89045356efd2f77124bd87dbd0e10,2e4a055e7b9caf610fd2e4c7df8ccb46
1cc1e235481bc525ab29bd80a1d2832b,e4cccce30bcb06af61d070570ca1dbc8,48af117c503e7db30ab93d3192ec78bb
512a1cbf267160cd077c845eeac65637,e4cccce30bcb06af61d070570ca1dbc8,48af117c503e7db30ab93d3192ec78bb
d1e7f6eb1874424afc0f7bc2c1130a5e,113e683c4aeb6e1740e95381f58801fe,6c20b77f935c89800cebb38d73419fe7
a966cd9d8b1651096043c1ea43ea8cc3,80a89045356efd2f77124bd87dbd0e10,2e4a055e7b9caf610fd2e4c7df8ccb46
3aa7546c097d7447f48acb261e86e793,e420805b4060f5fb06c0d0229a30819b,9883697e98f2a24de750f23f0b291864
ff9d0969ebf4e3a6435f65a0114c0782,80a89045356efd2f77124bd87dbd0e10,2e4a055e7b9caf610fd2e4c7df8ccb46
18f1c909cb67a1f19c3c13be82ec84da,520b3f55ccb0522f3e6060ef1835d6e1,972e05f7aca2177ddc5e07c0afb3cbcb
c37789a2f668dc1d788e7a86b410872b,113e683c4aeb6e1740e95381f58801fe,6c20b77f935c89800cebb38d73419fe7
6cab24f7baaef1070fd59483ee294a5e,80a89045356efd2f77124bd87dbd0e10,2e4a055e7b9caf610fd2e4c7df8ccb46
02708010b597cb3e730a940aac976695,520b3f55ccb0522f3e6060ef1835d6e1,972e05f7aca2177ddc5e07c0afb3cbcb
a33415cd422452cde29c2fc871e1b942,191cb7517f291f8ce4cd734b84cfec51,e3c59416adf34a1b0daac11b737ebaa9
768de65f71da5f4b078055ebe36f5f2f,e4cccce30bcb06af61d070570ca1dbc8,48af117c503e7db30ab93d3192ec78bb
59adb860d6f2f3e5e4966eba1716adc7,6cd37657c625d27ec6db0a72764b530a,40e191de4f80bcdc56c0b603c9b06427
ad517ad258611155d4b098280e6be9a0,e420805b4060f5fb06c0d0229a30819b,9883697e98f2a24de750f23f0b291864
dbb8baaadc2ed67e3efa22bfb3f62abf,187b5e73bbf46bae049b6b89348708fe,09d639834ac86ae4b0ae4d539bbad6a2
d3d1485c7f2dcec0225733123ca8a1fe,2f8ec25d11e8868ce052dab0bc2343d8,6dfe717b59538391aa3a323ece1591aa
a714c2e5f7ed9452c17cd05da3c0a1db,113e683c4aeb6e1740e95381f58801fe,6c20b77f935c89800cebb38d73419fe7
a8b9d50807e7b59f3e8c8a6da639cb74,e4cccce30bcb06af61d070570ca1dbc8,48af117c503e7db30ab93d3192ec78bb
e7ab701a3e6b0061fe7765152936e5ca,191cb7517f291f8ce4cd734b84cfec51,e3c59416adf34a1b0daac11b737ebaa9
23e3d71d5b9884eae5896f3ced85d909,2e68a55be700b54ae9d92efb2c52378c,2980c6e4253deb7bbcbbbebd5fb6c35b
4f6b23849d693d222ee7d2185ed983cc,6cd37657c625d27ec6db0a72764b530a,40e191de4f80bcdc56c0b603c9b06427
5b8eb1e8882f65ba227b3f4e3491af16,26e4fdf85422aff13b255d88a77a35eb,fc9388ee551b20045fd32e3afc08d18e
a92c3773642ea90362461e9cc2d48cbf,7e6383c5165f9fb4b8c052d62d859979,b32f7cdb0019ecc65df08215153157b3
850a2622988159db9f848488227f1661,80a89045356efd2f77124bd87dbd0e10,2e4a055e7b9caf610fd2e4c7df8ccb46
0a8d46b42bf28d91f636b19e3ef54907,113e683c4aeb6e1740e95381f58801fe,6c20b77f935c89800cebb38d73419fe7
349e15e15a53ceb9e3b9e1b74e537057,113e683c4aeb6e1740e95381f58801fe,6c20b77f935c89800cebb38d73419fe7
467a1a2b6cbad65f6d196ee7233db9b4,520b3f55ccb0522f3e6060ef1835d6e1,972e05f7aca2177ddc5e07c0afb3cbcb
44f109ca4b4c49a868790a85a0fa5922,191cb7517f291f8ce4cd734b84cfec51,e3c59416adf34a1b0daac11b737ebaa9
c1ef8ad02811455dfe53894e2f6c2952,e420805b4060f5fb06c0d0229a30819b,9883697e98f2a24de750f23f0b291864
69a46a5b24b1b2541c82b548f8a93161,6cd37657c625d27ec6db0a72764b530a,40e191de4f80bcdc56c0b603c9b06427
30ebc2a49d023247fba62de91a5ca4a9,e420805b4060f5fb06c0d0229a30819b,9883697e98f2a24de750f23f0b291864
cdd1dea8c74469e4ec55c0ec25de549f,2f8ec25d11e8868ce052dab0bc2343d8,6dfe717b59538391aa3a323ece1591aa
6f074cce0f08945408f9d8657580b047,520b3f55ccb0522f3e6060ef1835d6e1,972e05f7aca2177ddc5e07c0afb3cbcb
fda767469d69e63ba043dfa5e7a1f4c0,113e683c4aeb6e1740e95381f58801fe,6c20b77f935c89800cebb38d73419fe7
bd2c7d6433caf32d7b81b1a731f640a3,113e683c4aeb6e1740e95381f58801fe,6c20b77f935c89800cebb38d73419fe7
c670618189b0ec470ff559ef53d6a0d7,2f8ec25d11e8868ce052dab0bc2343d8,6dfe717b59538391aa3a323ece1591aa
64c6d6bbad42e000f89ae1f3a85cce79,e420805b4060f5fb06c0d0229a30819b,9883697e98f2a24de750f23f0b291864
756bf9f7e6b678a32b3895e5fe39f93a,ba9080b7f2dbdd256d2d990522c593a7,dee343c76cf870e957590f70263e93b0
869923490a2ab2f01fb193c4def2c984,2f8ec25d11e8868ce052dab0bc2343d8,6dfe717b59538391aa3a323ece1591aa
fa2f8fec53d1b86e25eb4499b1c26fe5,191cb7517f291f8ce4cd734b84cfec51,e3c59416adf34a1b0daac11b737ebaa9
a8d81bbd3e615c2e108aaae8cc72f9a7,26e4fdf85422aff13b255d88a77a35eb,fc9388ee551b20045fd32e3afc08d18e
bae4780d6eeb1ac7213255486f874509,520b3f55ccb0522f3e6060ef1835d6e1,972e05f7aca2177ddc5e07c0afb3cbcb
62def15e545ae9b567c9dd69eee4aa58,520b3f55ccb0522f3e6060ef1835d6e1,972e05f7aca2177ddc5e07c0afb3cbcb
be37f0477a41cf3ec5e6035b1fd6267a,e420805b4060f5fb06c0d0229a30819b,9883697e98f2a24de750f23f0b291864
9a7f389c4d716e6ca36e0ebe60ca1c94,ba9080b7f2dbdd256d2d990522c593a7,dee343c76cf870e957590f70263e93b0
847b89eec268324c9f3f1b1305e9295e,e420805b4060f5fb06c0d0229a30819b,9883697e98f2a24de750f23f0b291864
55f789e2d8e52f68bd2dc69c331262db,2f8ec25d11e8868ce052dab0bc2343d8,6dfe717b59538391aa3a323ece1591aa
64fad344ec3bd0730d7f462f8fda154c,187b5e73bbf46bae049b6b89348708fe,09d639834ac86ae4b0ae4d539bbad6a2
432ad68d1f87123f227d17f908ea30f1,e4cccce30bcb06af61d070570ca1dbc8,48af117c503e7db30ab93d3192ec78bb
5886c9d6707241b792c9843f14bba7ef,2e68a55be700b54ae9d92efb2c52378c,2980c6e4253deb7bbcbbbebd5fb6c35b
c0cfa304ef4cfe6c36e0aec2ec6e7bc8,a0b5478dfba810376edda3e5c8c6b0bd,2754c074ce7857bfb3cdcd83ddf08e05
059b433a1d50027f1378d991413b3a1f,2e68a55be700b54ae9d92efb2c52378c,2980c6e4253deb7bbcbbbebd5fb6c35b
b9af863fec34b99fbda5bbd3cea6efee,26e4fdf85422aff13b255d88a77a35eb,fc9388ee551b20045fd32e3afc08d18e
2945a04a0c7d1c71e51a9c71e289fd46,e4cccce30bcb06af61d070570ca1dbc8,48af117c503e7db30ab93d3192ec78bb
60cfd1e3a3f623f6de160692248f462a,e420805b4060f5fb06c0d0229a30819b,9883697e98f2a24de750f23f0b291864
1cccd31581f4904b68e063fb2a6a3c7f,6cd37657c625d27ec6db0a72764b530a,40e191de4f80bcdc56c0b603c9b06427
01335f5851bcc8e3476dc90ce796070a,2f8ec25d11e8868ce052dab0bc2343d8,6dfe717b59538391aa3a323ece1591aa
9f469a83c046d59998280900352cc7a6,ba9080b7f2dbdd256d2d990522c593a7,dee343c76cf870e957590f70263e93b0
34f0a227aa0359c7b5588a43ff7196a2,2e68a55be700b54ae9d92efb2c52378c,2980c6e4253deb7bbcbbbebd5fb6c35b
044fdc32634b036c8fb66be9135289dd,113e683c4aeb6e1740e95381f58801fe,6c20b77f935c89800cebb38d73419fe7
699d13bee2e53972739f78ca7be74183,520b3f55ccb0522f3e6060ef1835d6e1,972e05f7aca2177ddc5e07c0afb3cbcb
4f98741e2321f979a4cb99198470209e,520b3f55ccb0522f3e6060ef1835d6e1,972e05f7aca2177ddc5e07c0afb3cbcb
eba716773501e33a882d85478be42a68,e4cccce30bcb06af61d070570ca1dbc8,48af117c503e7db30ab93d3192ec78bb
e8de2f9d991283fb326b806e813d929d,18b46bac9c6404600cf555d4c282f64e,9f4dc38e79a4b350a7b8db84e26f80fb
486a4d30e1d98e6be5e1baea154abfa8,2e68a55be700b54ae9d92efb2c52378c,2980c6e4253deb7bbcbbbebd5fb6c35b
7d25b1e154fcdcda5c6637735e5a9c66,2c823902f5607366ac44f7999987f983,8ec075b22904db972ca54ded09792387
36ab54de133f3b2459c34354c3d5dc32,6cd37657c625d27ec6db0a72764b530a,40e191de4f80bcdc56c0b603c9b06427
c2a762a1382ae2f061ffb358c481bf72,26e4fdf85422aff13b255d88a77a35eb,fc9388ee551b20045fd32e3afc08d18e
8274efc6d71c367b0c66480186f8dfb8,187b5e73bbf46bae049b6b89348708fe,09d639834ac86ae4b0ae4d539bbad6a2
795c438c05d906098c49e1dd9fb9c0ac,2e68a55be700b54ae9d92efb2c52378c,2980c6e4253deb7bbcbbbebd5fb6c35b
e7e71a9b3ef2255001a74a4fcdcc438d,26e4fdf85422aff13b255d88a77a35eb,fc9388ee551b20045fd32e3afc08d18e
503507e0a4fb4c0cf4e03b2c24bd66ee,6cd37657c625d27ec6db0a72764b530a,40e191de4f80bcdc56c0b603c9b06427
2f8ec25d11e8868ce052dab0bc2343d8,520b3f55ccb0522f3e6060ef1835d6e1,972e05f7aca2177ddc5e07c0afb3cbcb
c07557bd4e6acff3d16ddb5183f850cb,18b46bac9c6404600cf555d4c282f64e,9f4dc38e79a4b350a7b8db84e26f80fb
f01b438c61959ed10dbae63016a8d6fa,191cb7517f291f8ce4cd734b84cfec51,e3c59416adf34a1b0daac11b737ebaa9
5d1b644981dbada6bafe00afdd01a7fa,a0b5478dfba810376edda3e5c8c6b0bd,2754c074ce7857bfb3cdcd83ddf08e05
4d87518c2339da7c621f9aaf8f5c8a7b,113e683c4aeb6e1740e95381f58801fe,6c20b77f935c89800cebb38d73419fe7
5d57585395d4db292b55bb098d63bd76,113e683c4aeb6e1740e95381f58801fe,6c20b77f935c89800cebb38d73419fe7
113e683c4aeb6e1740e95381f58801fe,2e68a55be700b54ae9d92efb2c52378c,2980c6e4253deb7bbcbbbebd5fb6c35b
93d87ba562e27559d556861411f3fc39,e4cccce30bcb06af61d070570ca1dbc8,48af117c503e7db30ab93d3192ec78bb
b7b3eea2373568c05859a182205f19d1,113e683c4aeb6e1740e95381f58801fe,6c20b77f935c89800cebb38d73419fe7
5647fcdc9f07b22341101b5fe3676caa,e420805b4060f5fb06c0d0229a30819b,9883697e98f2a24de750f23f0b291864
280704c0a92abc9fdf90edd1e513df94,e420805b4060f5fb06c0d0229a30819b,9883697e98f2a24de750f23f0b291864
80a89045356efd2f77124bd87dbd0e10,2e68a55be700b54ae9d92efb2c52378c,2980c6e4253deb7bbcbbbebd5fb6c35b
77a5fa5eeefb56036465d90015d0509c,2c823902f5607366ac44f7999987f983,8ec075b22904db972ca54ded09792387
c55de4a3611762712e96ebdb49e586ff,2c823902f5607366ac44f7999987f983,8ec075b22904db972ca54ded09792387
cbe9e5a6e2a83bd9ee0d7c71042cd798,2e68a55be700b54ae9d92efb2c52378c,2980c6e4253deb7bbcbbbebd5fb6c35b
1478277652a213b966c4c891da9e6d3f,2f8ec25d11e8868ce052dab0bc2343d8,6dfe717b59538391aa3a323ece1591aa
6c701181815521f6a81d52f1109f6215,80a89045356efd2f77124bd87dbd0e10,2e4a055e7b9caf610fd2e4c7df8ccb46
c44f1635be32160d7fedc91ae1e10776,26e4fdf85422aff13b255d88a77a35eb,fc9388ee551b20045fd32e3afc08d18e
2f314bf898bb655e5cea21638f321b8c,2e68a55be700b54ae9d92efb2c52378c,2980c6e4253deb7bbcbbbebd5fb6c35b
576ab2d05412971de6a862e65ebfb7c0,7e6383c5165f9fb4b8c052d62d859979,b32f7cdb0019ecc65df08215153157b3
c8388243a3eb6cc25fe1b8779e4a2595,26e4fdf85422aff13b255d88a77a35eb,fc9388ee551b20045fd32e3afc08d18e
726f5e979c9bf1e3e14ed53c2168b3a9,e420805b4060f5fb06c0d0229a30819b,9883697e98f2a24de750f23f0b291864
187f86c8c0d0d04ded05583d64a139f4,e420805b4060f5fb06c0d0229a30819b,9883697e98f2a24de750f23f0b291864
2f66f1ebf237e072fd9aa21c1b0b5dbe,187b5e73bbf46bae049b6b89348708fe,09d639834ac86ae4b0ae4d539bbad6a2
25b164ec1ef41ad845b4fd8f6f39b155,2f8ec25d11e8868ce052dab0bc2343d8,6dfe717b59538391aa3a323ece1591aa
de0ba697a48dc53ae99282ae77a485e9,191cb7517f291f8ce4cd734b84cfec51,e3c59416adf34a1b0daac11b737ebaa9
2c49a98c63eee5f39cba03193a31a31d,a0b5478dfba810376edda3e5c8c6b0bd,2754c074ce7857bfb3cdcd83ddf08e05
fc11305243ab51c0d6b5b038e8c88db0,e4cccce30bcb06af61d070570ca1dbc8,48af117c503e7db30ab93d3192ec78bb
102eaa174b561e809a39214c39002930,18b46bac9c6404600cf555d4c282f64e,9f4dc38e79a4b350a7b8db84e26f80fb
0a79fa870131a6efa923efc0159987ab,e4cccce30bcb06af61d070570ca1dbc8,48af117c503e7db30ab93d3192ec78bb
4290a456472fc412ff3e0531fbbabd21,ba9080b7f2dbdd256d2d990522c593a7,dee343c76cf870e957590f70263e93b0
572b3adff6ed28ffbe4ca39c0e78afc9,ba9080b7f2dbdd256d2d990522c593a7,dee343c76cf870e957590f70263e93b0
0a2280688f451145e60cc561faeb6ebf,80a89045356efd2f77124bd87dbd0e10,2e4a055e7b9caf610fd2e4c7df8ccb46
7d667b9230a715be4b61c97cecac8cd9,2c823902f5607366ac44f7999987f983,8ec075b22904db972ca54ded09792387
48a703743b93cc8a698ebe91fb8a355b,2e68a55be700b54ae9d92efb2c52378c,2980c6e4253deb7bbcbbbebd5fb6c35b
b2fe2cdfa2ec6f728cb7cffd97da8cd1,191cb7517f291f8ce4cd734b84cfec51,e3c59416adf34a1b0daac11b737ebaa9
502366a9bbfb067f2e74e5603e6129e3,520b3f55ccb0522f3e6060ef1835d6e1,972e05f7aca2177ddc5e07c0afb3cbcb
07a71cfc9995061b0af53bdb412d3c10,191cb7517f291f8ce4cd734b84cfec51,e3c59416adf34a1b0daac11b737ebaa9
85bde4a818c64d709ae165c2900e4a5b,e420805b4060f5fb06c0d0229a30819b,9883697e98f2a24de750f23f0b291864
3d8aa828133b32b90b01ed30ffb32909,2f8ec25d11e8868ce052dab0bc2343d8,6dfe717b59538391aa3a323ece1591aa
b4a45ee93c841fcfbcada69d9c3f105f,ba9080b7f2dbdd256d2d990522c593a7,dee343c76cf870e957590f70263e93b0
f61df1db81fe3e9e5e6f8ba2c09d01de,26e4fdf85422aff13b255d88a77a35eb,fc9388ee551b20045fd32e3afc08d18e
d526b2472cd07df8dd7b187133c8f3b0,a0b5478dfba810376edda3e5c8c6b0bd,2754c074ce7857bfb3cdcd83ddf08e05
9a4d378967d9c6bd27230b7425cbd41a,191cb7517f291f8ce4cd734b84cfec51,e3c59416adf34a1b0daac11b737ebaa9
64b3bb08c077473f3a234bf4b613e3e1,2e68a55be700b54ae9d92efb2c52378c,2980c6e4253deb7bbcbbbebd5fb6c35b
d0087d5196d518ef986504bf74a153c8,2f8ec25d11e8868ce052dab0bc2343d8,6dfe717b59538391aa3a323ece1591aa
86fab0ca913adcaabf45e166e01ee692,a0b5478dfba810376edda3e5c8c6b0bd,2754c074ce7857bfb3cdcd83ddf08e05
5e8dcafacfb769cadb0ed80ce3732317,187b5e73bbf46bae049b6b89348708fe,09d639834ac86ae4b0ae4d539bbad6a2
4016650a40a7059825550be084f402c7,18b46bac9c6404600cf555d4c282f64e,9f4dc38e79a4b350a7b8db84e26f80fb
4fe4680db00380904c5fd9a15af719f0,e4cccce30bcb06af61d070570ca1dbc8,48af117c503e7db30ab93d3192ec78bb
73145ce3cb8aa8ae73dec2d140fed2fd,e420805b4060f5fb06c0d0229a30819b,9883697e98f2a24de750f23f0b291864
1ca7ef224cff09574084be2096ecb485,113e683c4aeb6e1740e95381f58801fe,6c20b77f935c89800cebb38d73419fe7
06a9f35b7e11451b42a14a53e2b2c9d7,191cb7517f291f8ce4cd734b84cfec51,e3c59416adf34a1b0daac11b737ebaa9
530384b1563eae92fca61e730665d83b,a0b5478dfba810376edda3e5c8c6b0bd,2754c074ce7857bfb3cdcd83ddf08e05
db4b75280e5c156fc796c6ad8e2b6036,2c823902f5607366ac44f7999987f983,8ec075b22904db972ca54ded09792387
e8a4a70250d0252833a5d66d64f6c212,e420805b4060f5fb06c0d0229a30819b,9883697e98f2a24de750f23f0b291864
e04bdc494d89b7ddb06220c4bb04e706,2e68a55be700b54ae9d92efb2c52378c,2980c6e4253deb7bbcbbbebd5fb6c35b
51587c453ed0a2ea353022ea395de97c,2f8ec25d11e8868ce052dab0bc2343d8,6dfe717b59538391aa3a323ece1591aa
676068dfa3f170acb8c92830fd28f596,26e4fdf85422aff13b255d88a77a35eb,fc9388ee551b20045fd32e3afc08d18e
e4c26f28df536a995f6f0adc76911a50,18b46bac9c6404600cf555d4c282f64e,9f4dc38e79a4b350a7b8db84e26f80fb
f49ec0190f5c401d93b04ead97070bfd,e4cccce30bcb06af61d070570ca1dbc8,48af117c503e7db30ab93d3192ec78bb
3922ca428c9194fb5b4f1ea0a01acf18,26e4fdf85422aff13b255d88a77a35eb,fc9388ee551b20045fd32e3afc08d18e
8a5cd6107f9655aca5591ea796850368,2f8ec25d11e8868ce052dab0bc2343d8,6dfe717b59538391aa3a323ece1591aa
1093f0f14ff6f24f7d119031270a033b,2e68a55be700b54ae9d92efb2c52378c,2980c6e4253deb7bbcbbbebd5fb6c35b
0b907d2cf47cf570ddd3429b4e330daa,2e68a55be700b54ae9d92efb2c52378c,2980c6e4253deb7bbcbbbebd5fb6c35b
02da441498f76dae0f99f5c4fa67df10,187b5e73bbf46bae049b6b89348708fe,09d639834ac86ae4b0ae4d539bbad6a2
e0c9e9c38146c19e8c77ac1e26f3de5e,7e6383c5165f9fb4b8c052d62d859979,b32f7cdb0019ecc65df08215153157b3
8f3577b90de5cbba124aeb28b24ce7f2,2c823902f5607366ac44f7999987f983,8ec075b22904db972ca54ded09792387
33cacda8a9548633528ba4a8bbe7f91b,191cb7517f291f8ce4cd734b84cfec51,e3c59416adf34a1b0daac11b737ebaa9
937f55d3a822618499550e7ab9e5f61f,7e6383c5165f9fb4b8c052d62d859979,b32f7cdb0019ecc65df08215153157b3
122593e635176f3a70363fff06c65176,520b3f55ccb0522f3e6060ef1835d6e1,972e05f7aca2177ddc5e07c0afb3cbcb
acbd98c82a173985cc74dae42fd0e5ef,2c823902f5607366ac44f7999987f983,8ec075b22904db972ca54ded09792387
7f61c739e2922b5090212c94332e0607,2c823902f5607366ac44f7999987f983,8ec075b22904db972ca54ded09792387
dbd314bb080dba0da8aa9fab0a183d99,2c823902f5607366ac44f7999987f983,8ec075b22904db972ca54ded09792387
8d689976d92bedf5164e6e58ad7df348,ba9080b7f2dbdd256d2d990522c593a7,dee343c76cf870e957590f70263e93b0
f41ca3c79ac51ead1cc618592206d3ed,e420805b4060f5fb06c0d0229a30819b,9883697e98f2a24de750f23f0b291864
1728100f5ae7b965c1c96686bd69b3f6,18b46bac9c6404600cf555d4c282f64e,9f4dc38e79a4b350a7b8db84e26f80fb
01d5a21b37fda93bb7d2444e56adf9bd,187b5e73bbf46bae049b6b89348708fe,09d639834ac86ae4b0ae4d539bbad6a2
20fa24940d3f3a0626320933888619ff,a0b5478dfba810376edda3e5c8c6b0bd,2754c074ce7857bfb3cdcd83ddf08e05
f0e443aed6d97a4cccdcd87a16c06804,2c823902f5607366ac44f7999987f983,8ec075b22904db972ca54ded09792387
692f91d88605a1cd39655f2d551b2eb7,2e68a55be700b54ae9d92efb2c52378c,2980c6e4253deb7bbcbbbebd5fb6c35b
f4dcb77dad590247a2994f7a990bf0a0,18b46bac9c6404600cf555d4c282f64e,9f4dc38e79a4b350a7b8db84e26f80fb
cd6570482cac6564e1c8bf771ade2cae,a0b5478dfba810376edda3e5c8c6b0bd,2754c074ce7857bfb3cdcd83ddf08e05
8e8aa8313a9cd740184e2b6b85c6ab90,2c823902f5607366ac44f7999987f983,8ec075b22904db972ca54ded09792387
caba0b669864bff270078dc58c56da52,6cd37657c625d27ec6db0a72764b530a,40e191de4f80bcdc56c0b603c9b06427
ebfe30bde1fd4d1df41fdaae497f8d5a,113e683c4aeb6e1740e95381f58801fe,6c20b77f935c89800cebb38d73419fe7
9f352d266cc731f1474352a0c5988931,a0b5478dfba810376edda3e5c8c6b0bd,2754c074ce7857bfb3cdcd83ddf08e05
e0d74f34711db48568a7152b045c2ece,2e68a55be700b54ae9d92efb2c52378c,2980c6e4253deb7bbcbbbebd5fb6c35b
b87b859e203663a69c5d9910b52f126a,113e683c4aeb6e1740e95381f58801fe,6c20b77f935c89800cebb38d73419fe7
8304270b7567b71bf84da7255c3139b9,6cd37657c625d27ec6db0a72764b530a,40e191de4f80bcdc56c0b603c9b06427
f24f246975c26498df9a76c50c9d6f33,6cd37657c625d27ec6db0a72764b530a,40e191de4f80bcdc56c0b603c9b06427
dfcf31baa58a92cd7e6c96c349ed52d8,e420805b4060f5fb06c0d0229a30819b,9883697e98f2a24de750f23f0b291864
be1acbcd6b9c401f2b7169b2e67c8470,2c823902f5607366ac44f7999987f983,8ec075b22904db972ca54ded09792387
cddbc107110f00d82d0989143aff1740,80a89045356efd2f77124bd87dbd0e10,2e4a055e7b9caf610fd2e4c7df8ccb46
5d3d9d9c0e0041e4bf82cbcac8ce9bc3,6cd37657c625d27ec6db0a72764b530a,40e191de4f80bcdc56c0b603c9b06427
fde98833ce47a91582ec4b2a9a7ed088,80a89045356efd2f77124bd87dbd0e10,2e4a055e7b9caf610fd2e4c7df8ccb46
e5dac78b889fa2fa9dcb3f621af2a651,e420805b4060f5fb06c0d0229a30819b,9883697e98f2a24de750f23f0b291864
abad235932ce63d583aa958356e4340e,6cd37657c625d27ec6db0a72764b530a,40e191de4f80bcdc56c0b603c9b06427
c3d3c56b8e8a330fc4553d857970924c,2c823902f5607366ac44f7999987f983,8ec075b22904db972ca54ded09792387
d7297af0f34e173db912160668cba4cf,26e4fdf85422aff13b255d88a77a35eb,fc9388ee551b20045fd32e3afc08d18e
d6707350b722797e95e913c49a8bbbf3,26e4fdf85422aff13b255d88a77a35eb,fc9388ee551b20045fd32e3afc08d18e
43806a1011b262d129c5e66bd36e2760,520b3f55ccb0522f3e6060ef1835d6e1,972e05f7aca2177ddc5e07c0afb3cbcb
6cd37657c625d27ec6db0a72764b530a,520b3f55ccb0522f3e6060ef1835d6e1,972e05f7aca2177ddc5e07c0afb3cbcb
64e60f24b572ed2eff634ea408d7962e,6cd37657c625d27ec6db0a72764b530a,40e191de4f80bcdc56c0b603c9b06427
1df2b88d36e5f4b873df9b05046e94e5,18b46bac9c6404600cf555d4c282f64e,9f4dc38e79a4b350a7b8db84e26f80fb
3147678d5a9dde26b0ab556d148b9566,2c823902f5607366ac44f7999987f983,8ec075b22904db972ca54ded09792387
91d350fd34af7a3d761284103c9bcdf6,2f8ec25d11e8868ce052dab0bc2343d8,6dfe717b59538391aa3a323ece1591aa
ec62adde29bd853fc9195c7fbded8af7,113e683c4aeb6e1740e95381f58801fe,6c20b77f935c89800cebb38d73419fe7
7c6c9cebe06a20aca9ac56f41d1793ad,113e683c4aeb6e1740e95381f58801fe,6c20b77f935c89800cebb38d73419fe7
007840dbef7aa306b9c8f7dd572d1651,a0b5478dfba810376edda3e5c8c6b0bd,2754c074ce7857bfb3cdcd83ddf08e05
7cf40dfaa3bb553b3a39b69a754b099f,e4cccce30bcb06af61d070570ca1dbc8,48af117c503e7db30ab93d3192ec78bb
b81b3766cca46f5b803b04250eae9928,520b3f55ccb0522f3e6060ef1835d6e1,972e05f7aca2177ddc5e07c0afb3cbcb
b773a970ea21cc8de2a16f51a36df0d5,a0b5478dfba810376edda3e5c8c6b0bd,2754c074ce7857bfb3cdcd83ddf08e05
dbddb58e8f7e5e2615085b894b3073bb,e4cccce30bcb06af61d070570ca1dbc8,48af117c503e7db30ab93d3192ec78bb
0332fa52d476108af2434295b96db89b,ba9080b7f2dbdd256d2d990522c593a7,dee343c76cf870e957590f70263e93b0
a384909a97e93caa34b9e180cc8c47ef,80a89045356efd2f77124bd87dbd0e10,2e4a055e7b9caf610fd2e4c7df8ccb46
d1d469d1f75726dd1ace70b38b0856a4,191cb7517f291f8ce4cd734b84cfec51,e3c59416adf34a1b0daac11b737ebaa9
3398b9504d26249f4f149594b3ff4459,e420805b4060f5fb06c0d0229a30819b,9883697e98f2a24de750f23f0b291864
15894b15130f36cdfd21fcfaa888f56e,18b46bac9c6404600cf555d4c282f64e,9f4dc38e79a4b350a7b8db84e26f80fb
66b94f65676da66eaa8ac6e93b7a090a,6cd37657c625d27ec6db0a72764b530a,40e191de4f80bcdc56c0b603c9b06427
49eaa06566366f63f8cbbe5058ed274f,18b46bac9c6404600cf555d4c282f64e,9f4dc38e79a4b350a7b8db84e26f80fb
f07be77c9142f771747d9b3f4f863c26,2e68a55be700b54ae9d92efb2c52378c,2980c6e4253deb7bbcbbbebd5fb6c35b
5b60b229e603c397edc9c3ba19ac7f93,18b46bac9c6404600cf555d4c282f64e,9f4dc38e79a4b350a7b8db84e26f80fb
7559d7f24bc35b8a9c45aa7c1f84458d,18b46bac9c6404600cf555d4c282f64e,9f4dc38e79a4b350a7b8db84e26f80fb
61c0fd25777773232dac0da21c653286,6cd37657c625d27ec6db0a72764b530a,40e191de4f80bcdc56c0b603c9b06427
6577e7ff8051a9468f6cf7e7c88784e2,191cb7517f291f8ce4cd734b84cfec51,e3c59416adf34a1b0daac11b737ebaa9
0d1c76e97e21610a8754c05659867bce,6cd37657c625d27ec6db0a72764b530a,40e191de4f80bcdc56c0b603c9b06427
842199239b5d3925244b13c90c327271,80a89045356efd2f77124bd87dbd0e10,2e4a055e7b9caf610fd2e4c7df8ccb46
33fa40a4e741d721fbfbff337e98705d,2f8ec25d11e8868ce052dab0bc2343d8,6dfe717b59538391aa3a323ece1591aa
95d12cb62d50b4775dcaf84f0487c78e,113e683c4aeb6e1740e95381f58801fe,6c20b77f935c89800cebb38d73419fe7
3d39d7b95b77a51e4cc2209c78cdf7bb,26e4fdf85422aff13b255d88a77a35eb,fc9388ee551b20045fd32e3afc08d18e
d3ea88e13aadc4743e082fddf99b2653,520b3f55ccb0522f3e6060ef1835d6e1,972e05f7aca2177ddc5e07c0afb3cbcb
dd56227a697272b40d8d2909a4b195c7,520b3f55ccb0522f3e6060ef1835d6e1,972e05f7aca2177ddc5e07c0afb3cbcb
7db08a5c870b51752dde6057c8e94c2d,80a89045356efd2f77124bd87dbd0e10,2e4a055e7b9caf610fd2e4c7df8ccb46
c931024a4f5532dc02e1b24c56892d34,2c823902f5607366ac44f7999987f983,8ec075b22904db972ca54ded09792387
b14457aeeac7c5f31a4dce4d91e030fd,a0b5478dfba810376edda3e5c8c6b0bd,2754c074ce7857bfb3cdcd83ddf08e05
38d756cdd7cae07045001c36355ad06b,18b46bac9c6404600cf555d4c282f64e,9f4dc38e79a4b350a7b8db84e26f80fb
81a674c249de1cb061c981995914810a,80a89045356efd2f77124bd87dbd0e10,2e4a055e7b9caf610fd2e4c7df8ccb46
a0e71744a54688874de12dc523b0659c,a0b5478dfba810376edda3e5c8c6b0bd,2754c074ce7857bfb3cdcd83ddf08e05
7b1e4c04918044b7764c7813986537f7,80a89045356efd2f77124bd87dbd0e10,2e4a055e7b9caf610fd2e4c7df8ccb46
845a937e8c7b57c3f45d3c06f7b6bef7,26e4fdf85422aff13b255d88a77a35eb,fc9388ee551b20045fd32e3afc08d18e
488605cd7db0bcba6bbad7ffce1d29e0,191cb7517f291f8ce4cd734b84cfec51,e3c59416adf34a1b0daac11b737ebaa9
94056ae5d0c649a473c38b86d702ae03,e4cccce30bcb06af61d070570ca1dbc8,48af117c503e7db30ab93d3192ec78bb
7a569cd3dcf9660870c158d9a854097e,26e4fdf85422aff13b255d88a77a35eb,fc9388ee551b20045fd32e3afc08d18e
7944e4e0cb7c3594c0f3163d16654a6c,187b5e73bbf46bae049b6b89348708fe,09d639834ac86ae4b0ae4d539bbad6a2
26548a839120ea891d6a17e763acad7c,ba9080b7f2dbdd256d2d990522c593a7,dee343c76cf870e957590f70263e93b0
6a491419878227a629a1ebc18969cf01,a0b5478dfba810376edda3e5c8c6b0bd,2754c074ce7857bfb3cdcd83ddf08e05
886111accf04341a241fe0714d4c6162,a0b5478dfba810376edda3e5c8c6b0bd,2754c074ce7857bfb3cdcd83ddf08e05
4ce8e978dc54e2b92a7dc3749a7e1bdc,18b46bac9c6404600cf555d4c282f64e,9f4dc38e79a4b350a7b8db84e26f80fb
cd770be988100e4d9fdd6ee70cff57ff,113e683c4aeb6e1740e95381f58801fe,6c20b77f935c89800cebb38d73419fe7
d59cb6afbd7a67fb01bec2c546ba5640,80a89045356efd2f77124bd87dbd0e10,2e4a055e7b9caf610fd2e4c7df8ccb46
f1784e1b16f23bff4e3fd8270e0b6f49,2c823902f5607366ac44f7999987f983,8ec075b22904db972ca54ded09792387
1340d04645c5681c5f6c713d0c1f3567,e4cccce30bcb06af61d070570ca1dbc8,48af117c503e7db30ab93d3192ec78bb
43002613f6d5d2eb3c291a2ae12348b6,2e68a55be700b54ae9d92efb2c52378c,2980c6e4253deb7bbcbbbebd5fb6c35b
c28976f3ce049002c81f6098e6805c45,7e6383c5165f9fb4b8c052d62d859979,b32f7cdb0019ecc65df08215153157b3
2598f6f9e5e46e48480c20c9abf1294b,ba9080b7f2dbdd256d2d990522c593a7,dee343c76cf870e957590f70263e93b0
6558ab9621c06f9cff28a459c781aac2,2f8ec25d11e8868ce052dab0bc2343d8,6dfe717b59538391aa3a323ece1591aa
3a01c53e116e262256a503fb8c322552,18b46bac9c6404600cf555d4c282f64e,9f4dc38e79a4b350a7b8db84e26f80fb
7499aedb0dfcbde5b37c35b1b9bf5cc7,a0b5478dfba810376edda3e5c8c6b0bd,2754c074ce7857bfb3cdcd83ddf08e05
6a8c5e8c94999bcc0800cd380422fb5d,187b5e73bbf46bae049b6b89348708fe,09d639834ac86ae4b0ae4d539bbad6a2
423fa1502606bdcf76a30ed6e89d3fb9,2c823902f5607366ac44f7999987f983,8ec075b22904db972ca54ded09792387
23d971a721bf85ad269f6682743a5144,191cb7517f291f8ce4cd734b84cfec51,e3c59416adf34a1b0daac11b737ebaa9
2d391e97f49ccc3bef01aa9c8253d6fb,2f8ec25d11e8868ce052dab0bc2343d8,6dfe717b59538391aa3a323ece1591aa
07a6d1ede146827c79a80f4a7b56c89b,113e683c4aeb6e1740e95381f58801fe,6c20b77f935c89800cebb38d73419fe7
25debde6bf74dfbc625d4d0d325c3d0d,ba9080b7f2dbdd256d2d990522c593a7,dee343c76cf870e957590f70263e93b0
a3476e16e897e21f23f1093de167af8f,26e4fdf85422aff13b255d88a77a35eb,fc9388ee551b20045fd32e3afc08d18e
fa2ddeb05cfd75e2f050ebfd4966be59,80a89045356efd2f77124bd87dbd0e10,2e4a055e7b9caf610fd2e4c7df8ccb46
c48051f9042997fdbd38672069f77abc,187b5e73bbf46bae049b6b89348708fe,09d639834ac86ae4b0ae4d539bbad6a2
910573735f276d124dc5fa5d80c9cac1,a0b5478dfba810376edda3e5c8c6b0bd,2754c074ce7857bfb3cdcd83ddf08e05
33513df0ba4633f4ae240d6734412b74,191cb7517f291f8ce4cd734b84cfec51,e3c59416adf34a1b0daac11b737ebaa9
3dcc3f9368863faeb52c0c88aa142642,187b5e73bbf46bae049b6b89348708fe,09d639834ac86ae4b0ae4d539bbad6a2
39be7a7e75fd0ae175cbbcaac2b48785,e4cccce30bcb06af61d070570ca1dbc8,48af117c503e7db30ab93d3192ec78bb
ca487d58c445620dbd9e38499b37f588,191cb7517f291f8ce4cd734b84cfec51,e3c59416adf34a1b0daac11b737ebaa9
cf391af37b8033ec0524eac4960da137,7e6383c5165f9fb4b8c052d62d859979,b32f7cdb0019ecc65df08215153157b3
7cddb6683bffc8bc7c03bdd5dacc1e9c,187b5e73bbf46bae049b6b89348708fe,09d639834ac86ae4b0ae4d539bbad6a2
170cbd072f2a8164cbb1fcdffcbc45d6,2c823902f5607366ac44f7999987f983,8ec075b22904db972ca54ded09792387
7b8cfe51712e7ec97fc9392ca2898193,e4cccce30bcb06af61d070570ca1dbc8,48af117c503e7db30ab93d3192ec78bb
5515cc7afd80df901b2a203e8fb7b0c7,ba9080b7f2dbdd256d2d990522c593a7,dee343c76cf870e957590f70263e93b0
6468c37304c12c7200ed9f17559c9a76,26e4fdf85422aff13b255d88a77a35eb,fc9388ee551b20045fd32e3afc08d18e
f10b6f72c53ea33524f9758882da2ebf,2f8ec25d11e8868ce052dab0bc2343d8,6dfe717b59538391aa3a323ece1591aa
5b5898f091abf6fa460badfa1c88e376,18b46bac9c6404600cf555d4c282f64e,9f4dc38e79a4b350a7b8db84e26f80fb
4eb27cdb34bc8b4517df68615c1c4190,113e683c4aeb6e1740e95381f58801fe,6c20b77f935c89800cebb38d73419fe7
477417126cb11d335a87cd23af21c3dd,191cb7517f291f8ce4cd734b84cfec51,e3c59416adf34a1b0daac11b737ebaa9
e6b9afa4720d5dad2219a2782730f4c6,113e683c4aeb6e1740e95381f58801fe,6c20b77f935c89800cebb38d73419fe7
b18f7f685a64e80c50b4bd5dbdd6d996,191cb7517f291f8ce4cd734b84cfec51,e3c59416adf34a1b0daac11b737ebaa9
fb50b1798541b3373459529c04d91195,e4cccce30bcb06af61d070570ca1dbc8,48af117c503e7db30ab93d3192ec78bb
3e5e76042c0d328997a93c3c6ea6069b,18b46bac9c6404600cf555d4c282f64e,9f4dc38e79a4b350a7b8db84e26f80fb
1924744a7d178dd502ee2b8d6b688933,18b46bac9c6404600cf555d4c282f64e,9f4dc38e79a4b350a7b8db84e26f80fb
36a3067014647aa884e5f1aa9db4bb9b,80a89045356efd2f77124bd87dbd0e10,2e4a055e7b9caf610fd2e4c7df8ccb46
b970193c0c100733a07e1d6d09d623b8,ba9080b7f2dbdd256d2d990522c593a7,dee343c76cf870e957590f70263e93b0
32d75d0e5a75ecd4324677199ef60eb8,ba9080b7f2dbdd256d2d990522c593a7,dee343c76cf870e957590f70263e93b0
efdb7a2b86720882d5c33c0ec63b56fd,2f8ec25d11e8868ce052dab0bc2343d8,6dfe717b59538391aa3a323ece1591aa
017cf169ba8d637106acac525134bd34,26e4fdf85422aff13b255d88a77a35eb,fc9388ee551b20045fd32e3afc08d18e
af041beb05a12b1dcc6387f3f14c47d0,113e683c4aeb6e1740e95381f58801fe,6c20b77f935c89800cebb38d73419fe7
caf275df3b861dc4c4c0411eab43a703,2e68a55be700b54ae9d92efb2c52378c,2980c6e4253deb7bbcbbbebd5fb6c35b
53f5eab46d41be6e77d7003dbd68f998,18b46bac9c6404600cf555d4c282f64e,9f4dc38e79a4b350a7b8db84e26f80fb
4b59723893f2858f727414725882ffff,7e6383c5165f9fb4b8c052d62d859979,b32f7cdb0019ecc65df08215153157b3
a69059d3f907c5641cc5bbaa742c221b,80a89045356efd2f77124bd87dbd0e10,2e4a055e7b9caf610fd2e4c7df8ccb46
cd149078496140b0d996e3c19520db05,6cd37657c625d27ec6db0a72764b530a,40e191de4f80bcdc56c0b603c9b06427
c37f94b6429e4c5a4314aa00f7791e6d,26e4fdf85422aff13b255d88a77a35eb,fc9388ee551b20045fd32e3afc08d18e
c175f3a8d71d03dacb5faf94c4620e7b,26e4fdf85422aff13b255d88a77a35eb,fc9388ee551b20045fd32e3afc08d18e
8f203e0a68928453411902a43a2a5ced,2f8ec25d11e8868ce052dab0bc2343d8,6dfe717b59538391aa3a323ece1591aa
93c9b727b8c4096e0cf8a6adacb082d9,520b3f55ccb0522f3e6060ef1835d6e1,972e05f7aca2177ddc5e07c0afb3cbcb
3fea33239618133aa06825af10978a02,26e4fdf85422aff13b255d88a77a35eb,fc9388ee551b20045fd32e3afc08d18e
e62446d0dad422594f06a86a8335a46e,2e68a55be700b54ae9d92efb2c52378c,2980c6e4253deb7bbcbbbebd5fb6c35b
126b1929d804cb0f14e3907b2f4f2a02,2c823902f5607366ac44f7999987f983,8ec075b22904db972ca54ded09792387
8fa445b9ce87b588fef656049addbc20,113e683c4aeb6e1740e95381f58801fe,6c20b77f935c89800cebb38d73419fe7
1c7601335e861c0ddf7815074d317e22,2c823902f5607366ac44f7999987f983,8ec075b22904db972ca54ded09792387
ce6c0e8417d6e2d0ef40ed912cc647bb,e420805b4060f5fb06c0d0229a30819b,9883697e98f2a24de750f23f0b291864
cf016bd44bc0bd4674c5d984788c902f,ba9080b7f2dbdd256d2d990522c593a7,dee343c76cf870e957590f70263e93b0
edba5d129aa15911ec8cb038e1271b69,2e68a55be700b54ae9d92efb2c52378c,2980c6e4253deb7bbcbbbebd5fb6c35b
3bb95ed367958c815f6619f5953269e0,6cd37657c625d27ec6db0a72764b530a,40e191de4f80bcdc56c0b603c9b06427
7400d24bd7a4cdfcd58508522e73bd60,26e4fdf85422aff13b255d88a77a35eb,fc9388ee551b20045fd32e3afc08d18e
b977db30c6200a174ed53f802ed47727,a0b5478dfba810376edda3e5c8c6b0bd,2754c074ce7857bfb3cdcd83ddf08e05
d4b59887222ec04b9198c81df2140754,187b5e73bbf46bae049b6b89348708fe,09d639834ac86ae4b0ae4d539bbad6a2
b127b24fed933aaf011e627a3dd69e33,2f8ec25d11e8868ce052dab0bc2343d8,6dfe717b59538391aa3a323ece1591aa
f7c7db99a2e1f04465061f761a6e4fab,e420805b4060f5fb06c0d0229a30819b,9883697e98f2a24de750f23f0b291864
d234627857e1ae33a28d75897467ee89,80a89045356efd2f77124bd87dbd0e10,2e4a055e7b9caf610fd2e4c7df8ccb46
0abecd9e7b08a77d124f5493ef04a32f,6cd37657c625d27ec6db0a72764b530a,40e191de4f80bcdc56c0b603c9b06427
77061c174cfba5c9d541f51f0a227e05,e4cccce30bcb06af61d070570ca1dbc8,48af117c503e7db30ab93d3192ec78bb
ceaf9ae7fb2ffa83411f5175f0fca550,2e68a55be700b54ae9d92efb2c52378c,2980c6e4253deb7bbcbbbebd5fb6c35b
05b9ef7bbad8c86eee713ece6a869cf9,187b5e73bbf46bae049b6b89348708fe,09d639834ac86ae4b0ae4d539bbad6a2
24c01f453e850056de2815753ac06ebc,18b46bac9c6404600cf555d4c282f64e,9f4dc38e79a4b350a7b8db84e26f80fb
b1620944dd22614b253f5fdf854637aa,e420805b4060f5fb06c0d0229a30819b,9883697e98f2a24de750f23f0b291864
570e747fc48fe6121738e125dd0e3679,187b5e73bbf46bae049b6b89348708fe,09d639834ac86ae4b0ae4d539bbad6a2
10261f18cad579b466742dfda48db37f,26e4fdf85422aff13b255d88a77a35eb,fc9388ee551b20045fd32e3afc08d18e
d5894505230d5c88af1eb940f510a4ba,e420805b4060f5fb06c0d0229a30819b,9883697e98f2a24de750f23f0b291864
c69aeb794c110847e861fc4ee4b6d185,18b46bac9c6404600cf555d4c282f64e,9f4dc38e79a4b350a7b8db84e26f80fb
06657dc61e2139e68dfa4b5feaf74da1,e420805b4060f5fb06c0d0229a30819b,9883697e98f2a24de750f23f0b291864
3f64929afe55ba23dbc073392b28c74e,a0b5478dfba810376edda3e5c8c6b0bd,2754c074ce7857bfb3cdcd83ddf08e05
a237643fe84b0ebdbb0fdc8a5a06e84c,113e683c4aeb6e1740e95381f58801fe,6c20b77f935c89800cebb38d73419fe7
67d30b88fee5a31cab937b1046df67ce,191cb7517f291f8ce4cd734b84cfec51,e3c59416adf34a1b0daac11b737ebaa9
44363dc983a76f25290e88a6c18fdf87,a0b5478dfba810376edda3e5c8c6b0bd,2754c074ce7857bfb3cdcd83ddf08e05
11b74e384c559ba3effeb7c05863c25c,2f8ec25d11e8868ce052dab0bc2343d8,6dfe717b59538391aa3a323ece1591aa
ad6c0ad93dab7228e398369620f2c12b,a0b5478dfba810376edda3e5c8c6b0bd,2754c074ce7857bfb3cdcd83ddf08e05
8f83fccef613104ecf80de438335e1c1,7e6383c5165f9fb4b8c052d62d859979,b32f7cdb0019ecc65df08215153157b3
b02d02d5d5a22895daeaab99f67542a3,2e68a55be700b54ae9d92efb2c52378c,2980c6e4253deb7bbcbbbebd5fb6c35b
52f78512554a0ae35a9c1ee0d46a4b6d,a0b5478dfba810376edda3e5c8c6b0bd,2754c074ce7857bfb3cdcd83ddf08e05
9758c14850335c4e080cec07f00271f4,7e6383c5165f9fb4b8c052d62d859979,b32f7cdb0019ecc65df08215153157b3
f3397529231c53d362c0ac2f430bee7d,520b3f55ccb0522f3e6060ef1835d6e1,972e05f7aca2177ddc5e07c0afb3cbcb
c8daf1e6f3d43878f828fd4a47436542,e420805b4060f5fb06c0d0229a30819b,9883697e98f2a24de750f23f0b291864
7a1ae5cb643409934aa4270e53644e18,6cd37657c625d27ec6db0a72764b530a,40e191de4f80bcdc56c0b603c9b06427
a24a94d24dcee74ae2fd478d8dd20b53,2e68a55be700b54ae9d92efb2c52378c,2980c6e4253deb7bbcbbbebd5fb6c35b
e9c4a6a8790028d17af82ceabf98feeb,7e6383c5165f9fb4b8c052d62d859979,b32f7cdb0019ecc65df08215153157b3
42bf55bf42efe22812ffd688832c4adc,ba9080b7f2dbdd256d2d990522c593a7,dee343c76cf870e957590f70263e93b0
1cca036566ef1ee914533e69a1a39d02,80a89045356efd2f77124bd87dbd0e10,2e4a055e7b9caf610fd2e4c7df8ccb46
2d916c01b28d61b6577807be48ca0a04,e420805b4060f5fb06c0d0229a30819b,9883697e98f2a24de750f23f0b291864
c49b4782b54936da7c08fd1e224e8a6b,113e683c4aeb6e1740e95381f58801fe,6c20b77f935c89800cebb38d73419fe7
e50c00d6b2704bcbb791c1d6eac96140,18b46bac9c6404600cf555d4c282f64e,9f4dc38e79a4b350a7b8db84e26f80fb
05c956650876e734588a773d0adac7cc,e420805b4060f5fb06c0d0229a30819b,9883697e98f2a24de750f23f0b291864
273287f22fd73eae064525812155d35b,187b5e73bbf46bae049b6b89348708fe,09d639834ac86ae4b0ae4d539bbad6a2
23932fb0fc65930b1f2fedaf6eb15967,2e68a55be700b54ae9d92efb2c52378c,2980c6e4253deb7bbcbbbebd5fb6c35b
e1ada339fff0d9e9ece1406c75fdbc1e,2e68a55be700b54ae9d92efb2c52378c,2980c6e4253deb7bbcbbbebd5fb6c35b
03c2932674cd85d85d56663cdec06b32,113e683c4aeb6e1740e95381f58801fe,6c20b77f935c89800cebb38d73419fe7
80b4b1b48ce0de30fed106c524d661c5,80a89045356efd2f77124bd87dbd0e10,2e4a055e7b9caf610fd2e4c7df8ccb46
142827c1fccc0f6bc51659c4add6706b,a0b5478dfba810376edda3e5c8c6b0bd,2754c074ce7857bfb3cdcd83ddf08e05
6f4a35ba4645683887fd2754f56908e7,2f8ec25d11e8868ce052dab0bc2343d8,6dfe717b59538391aa3a323ece1591aa
f59ba3b2558c243f05202322dd34a923,113e683c4aeb6e1740e95381f58801fe,6c20b77f935c89800cebb38d73419fe7
9dc7e08dc609518f3988f81737b0c54f,191cb7517f291f8ce4cd734b84cfec51,e3c59416adf34a1b0daac11b737ebaa9
9dd62a7673ccec3d0c65fd76dff49ea2,2f8ec25d11e8868ce052dab0bc2343d8,6dfe717b59538391aa3a323ece1591aa
68bdf3178910564c8d9bf4cbe7936520,113e683c4aeb6e1740e95381f58801fe,6c20b77f935c89800cebb38d73419fe7
17ee07b0f0092109bc834afa1b6d257c,113e683c4aeb6e1740e95381f58801fe,6c20b77f935c89800cebb38d73419fe7
5aaa5ed4e419be9484ecb79e6ab296c1,18b46bac9c6404600cf555d4c282f64e,9f4dc38e79a4b350a7b8db84e26f80fb
12d2cd37a72ee4de214d25b38220a7b9,80a89045356efd2f77124bd87dbd0e10,2e4a055e7b9caf610fd2e4c7df8ccb46
07b11ba6c6fea6e8f47156681bd1ee84,e420805b4060f5fb06c0d0229a30819b,9883697e98f2a24de750f23f0b291864
228a59ed946ca7a49167be8f686730ce,a0b5478dfba810376edda3e5c8c6b0bd,2754c074ce7857bfb3cdcd83ddf08e05
8bede82bc7df81f5e2c19b014dfa7ab0,191cb7517f291f8ce4cd734b84cfec51,e3c59416adf34a1b0daac11b737ebaa9
f6caf076ac3ea71bb37a024103ac1143,7e6383c5165f9fb4b8c052d62d859979,b32f7cdb0019ecc65df08215153157b3
4e5bf27275c89e5e5028fb2f016775cc,18b46bac9c6404600cf555d4c282f64e,9f4dc38e79a4b350a7b8db84e26f80fb
962b132039ed7e7a31faa02696195c04,2c823902f5607366ac44f7999987f983,8ec075b22904db972ca54ded09792387
aa2ce4505d5865464ca57139840a2a9d,2f8ec25d11e8868ce052dab0bc2343d8,6dfe717b59538391aa3a323ece1591aa
fdfd579f8555367c7b604f1f2e73b261,113e683c4aeb6e1740e95381f58801fe,6c20b77f935c89800cebb38d73419fe7
bd49655d50d65c45adc54d25bc77d17d,80a89045356efd2f77124bd87dbd0e10,2e4a055e7b9caf610fd2e4c7df8ccb46
de8becc849e21f4d24b54079ec58eb6a,2c823902f5607366ac44f7999987f983,8ec075b22904db972ca54ded09792387
844d11bc0e7b444aff8641e922144d95,187b5e73bbf46bae049b6b89348708fe,09d639834ac86ae4b0ae4d539bbad6a2
401240460c9f8309091ccd3ead42c737,191cb7517f291f8ce4cd734b84cfec51,e3c59416adf34a1b0daac11b737ebaa9
ecd8e096510bd9246e181f82c3801f5a,520b3f55ccb0522f3e6060ef1835d6e1,972e05f7aca2177ddc5e07c0afb3cbcb
d5ed763674e25560d39eb76ef2319e81,2f8ec25d11e8868ce052dab0bc2343d8,6dfe717b59538391aa3a323ece1591aa
3e540c54a41f95a0e36e21cdf5921443,191cb7517f291f8ce4cd734b84cfec51,e3c59416adf34a1b0daac11b737ebaa9
f1e9501ebe949f3d10145be8b11021ab,520b3f55ccb0522f3e6060ef1835d6e1,972e05f7aca2177ddc5e07c0afb3cbcb
a1fdc43686a15cf37d1e959f4b65cac7,a0b5478dfba810376edda3e5c8c6b0bd,2754c074ce7857bfb3cdcd83ddf08e05
104421438cea976a499f9fb5201fd953,e420805b4060f5fb06c0d0229a30819b,9883697e98f2a24de750f23f0b291864
d1b8c17ff6d0ce02372cffba807d6e23,113e683c4aeb6e1740e95381f58801fe,6c20b77f935c89800cebb38d73419fe7
007ea71e15fd46dd1a63fe2c8eac7cbd,520b3f55ccb0522f3e6060ef1835d6e1,972e05f7aca2177ddc5e07c0afb3cbcb
99021761076f0d795b19a638ead2d7f4,18b46bac9c6404600cf555d4c282f64e,9f4dc38e79a4b350a7b8db84e26f80fb
7e38fbebacb2e21342b67bac385be6ae,18b46bac9c6404600cf555d4c282f64e,9f4dc38e79a4b350a7b8db84e26f80fb
36f2f22b4fc128efb7e681029e05da20,7e6383c5165f9fb4b8c052d62d859979,b32f7cdb0019ecc65df08215153157b3
975def181c432bc157e6630c088ae120,a0b5478dfba810376edda3e5c8c6b0bd,2754c074ce7857bfb3cdcd83ddf08e05
aef7c378f850c0f9d9ab2adefae1fa7e,520b3f55ccb0522f3e6060ef1835d6e1,972e05f7aca2177ddc5e07c0afb3cbcb
74e984c8c46201bc855f75662e2c6344,7e6383c5165f9fb4b8c052d62d859979,b32f7cdb0019ecc65df08215153157b3
fdfda4641af1926bf6cf4634c364d969,26e4fdf85422aff13b255d88a77a35eb,fc9388ee551b20045fd32e3afc08d18e
47e639140fdb7f079d65ca00c43ba60a,2f8ec25d11e8868ce052dab0bc2343d8,6dfe717b59538391aa3a323ece1591aa
ed3a6cf9e48b7c942f7b283ba092cf76,18b46bac9c6404600cf555d4c282f64e,9f4dc38e79a4b350a7b8db84e26f80fb
81f58ac8bcef6cf37d74c88445196e63,e4cccce30bcb06af61d070570ca1dbc8,48af117c503e7db30ab93d3192ec78bb
0cda42db5b50e2773480d88e21f21113,ba9080b7f2dbdd256d2d990522c593a7,dee343c76cf870e957590f70263e93b0
20546b68fb993d257396cc066f6baa1c,520b3f55ccb0522f3e6060ef1835d6e1,972e05f7aca2177ddc5e07c0afb3cbcb
d1f5bceb21000f4f1676e27d39efdeac,e420805b4060f5fb06c0d0229a30819b,9883697e98f2a24de750f23f0b291864
50a0537abadb703854dc927590f1c85f,26e4fdf85422aff13b255d88a77a35eb,fc9388ee551b20045fd32e3afc08d18e
ab8b97eded6d9bcf5e76ff162c93b0c0,26e4fdf85422aff13b255d88a77a35eb,fc9388ee551b20045fd32e3afc08d18e
66bc10bc609fc61c1474ba615fc455c9,520b3f55ccb0522f3e6060ef1835d6e1,972e05f7aca2177ddc5e07c0afb3cbcb
3672862dbb022c57dfe647436ce1a245,18b46bac9c6404600cf555d4c282f64e,9f4dc38e79a4b350a7b8db84e26f80fb
7bf5c350d3862dbd4e055259af23f528,520b3f55ccb0522f3e6060ef1835d6e1,972e05f7aca2177ddc5e07c0afb3cbcb
d1998fdc95039a5707e730728403620f,80a89045356efd2f77124bd87dbd0e10,2e4a055e7b9caf610fd2e4c7df8ccb46
110e3ae37578bf4d16012555bc4a9da8,2f8ec25d11e8868ce052dab0bc2343d8,6dfe717b59538391aa3a323ece1591aa
26793bad7fd7c71a2b2ba85eb99f2813,2c823902f5607366ac44f7999987f983,8ec075b22904db972ca54ded09792387
8508b3de4c0c68310354721621c2112c,2f8ec25d11e8868ce052dab0bc2343d8,6dfe717b59538391aa3a323ece1591aa
e00602936fd39499c3831f1a1619ec6b,520b3f55ccb0522f3e6060ef1835d6e1,972e05f7aca2177ddc5e07c0afb3cbcb
e22eb0e6a7d38216ea4b9b6ba30cb466,2c823902f5607366ac44f7999987f983,8ec075b22904db972ca54ded09792387
29c77d1c68e50da8aa5b5c0a3fcc13d9,18b46bac9c6404600cf555d4c282f64e,9f4dc38e79a4b350a7b8db84e26f80fb
4c15c862090d76ac504a71695d2f65e1,80a89045356efd2f77124bd87dbd0e10,2e4a055e7b9caf610fd2e4c7df8ccb46
ad85d9a02a295b675b062b74d34b2a9b,ba9080b7f2dbdd256d2d990522c593a7,dee343c76cf870e957590f70263e93b0
2abc9408a63131d4ef748f59ea64b303,6cd37657c625d27ec6db0a72764b530a,40e191de4f80bcdc56c0b603c9b06427
35d3de71dd11cd62d742d2ee931f7f1c,113e683c4aeb6e1740e95381f58801fe,6c20b77f935c89800cebb38d73419fe7
578bb5a4ee66a581d748e802f84635f7,ba9080b7f2dbdd256d2d990522c593a7,dee343c76cf870e957590f70263e93b0
cbecc03041159518e3d394675ed5bc17,520b3f55ccb0522f3e6060ef1835d6e1,972e05f7aca2177ddc5e07c0afb3cbcb
35bd77fac9b5efff4b9a321d65b4e5fb,80a89045356efd2f77124bd87dbd0e10,2e4a055e7b9caf610fd2e4c7df8ccb46
1be36b3340265e9dca04aa6c6f5c71a2,ba9080b7f2dbdd256d2d990522c593a7,dee343c76cf870e957590f70263e93b0
9a11123781d57bd69a5d5f9b0e8a7605,7e6383c5165f9fb4b8c052d62d859979,b32f7cdb0019ecc65df08215153157b3
39903694bef5095083e939998643d581,6cd37657c625d27ec6db0a72764b530a,40e191de4f80bcdc56c0b603c9b06427
140ee06790a24d840e0e97e3a524dd93,80a89045356efd2f77124bd87dbd0e10,2e4a055e7b9caf610fd2e4c7df8ccb46
b6db3caa1f7673864b521a7895872bdd,a0b5478dfba810376edda3e5c8c6b0bd,2754c074ce7857bfb3cdcd83ddf08e05
a34943c8be5f378d61a73c8460a972bf,187b5e73bbf46bae049b6b89348708fe,09d639834ac86ae4b0ae4d539bbad6a2
997e55c7ed6544b1f38f629b7da2696e,a0b5478dfba810376edda3e5c8c6b0bd,2754c074ce7857bfb3cdcd83ddf08e05
8fa738e17a1b1ff242d4765d4086d779,a0b5478dfba810376edda3e5c8c6b0bd,2754c074ce7857bfb3cdcd83ddf08e05
794186aff7298250c7038cf91ba89980,2e68a55be700b54ae9d92efb2c52378c,2980c6e4253deb7bbcbbbebd5fb6c35b
e3f84bcc81b435ab5c62feafec0aa8f6,6cd37657c625d27ec6db0a72764b530a,40e191de4f80bcdc56c0b603c9b06427
ef46ebe4b43be4fc10c2b93fe45ba546,80a89045356efd2f77124bd87dbd0e10,2e4a055e7b9caf610fd2e4c7df8ccb46
d3855002a807e584910a3eec7f0928a9,6cd37657c625d27ec6db0a72764b530a,40e191de4f80bcdc56c0b603c9b06427
16b1399f87ff8faacd48e5ef393ea5a0,2e68a55be700b54ae9d92efb2c52378c,2980c6e4253deb7bbcbbbebd5fb6c35b
e4c0a08d7eda95e7f1e43f9dda87ba77,ba9080b7f2dbdd256d2d990522c593a7,dee343c76cf870e957590f70263e93b0
ddb4962f2cd875d14772d4d0679adf0f,7e6383c5165f9fb4b8c052d62d859979,b32f7cdb0019ecc65df08215153157b3
a815863dcf2bdd9be21cb9c830cd8708,520b3f55ccb0522f3e6060ef1835d6e1,972e05f7aca2177ddc5e07c0afb3cbcb
1af241ef0ac017d8d7ebbc879fd872fe,191cb7517f291f8ce4cd734b84cfec51,e3c59416adf34a1b0daac11b737ebaa9
fd56ac2f1266749f876bb23c8d9ae6d2,6cd37657c625d27ec6db0a72764b530a,40e191de4f80bcdc56c0b603c9b06427
338db6ba197d07e091a2e1b89180a971,18b46bac9c6404600cf555d4c282f64e,9f4dc38e79a4b350a7b8db84e26f80fb
5bd68bc67edf3fa9c29996da1084fc8e,2e68a55be700b54ae9d92efb2c52378c,2980c6e4253deb7bbcbbbebd5fb6c35b
5afe1697367d89763025eaf3ab45dab8,ba9080b7f2dbdd256d2d990522c593a7,dee343c76cf870e957590f70263e93b0
cae1386f105b8efd1028c2b0da5fef56,520b3f55ccb0522f3e6060ef1835d6e1,972e05f7aca2177ddc5e07c0afb3cbcb
c7f7c91263f10b4dec5799405fa7a836,ba9080b7f2dbdd256d2d990522c593a7,dee343c76cf870e957590f70263e93b0
4aa5d6bbcf0d8f88193d4dcf78de6879,2f8ec25d11e8868ce052dab0bc2343d8,6dfe717b59538391aa3a323ece1591aa
53dae90b60e597c26dc849600240d5da,80a89045356efd2f77124bd87dbd0e10,2e4a055e7b9caf610fd2e4c7df8ccb46
b654c8cb83bd90de340f61199222e059,26e4fdf85422aff13b255d88a77a35eb,fc9388ee551b20045fd32e3afc08d18e
8cf338f9e23a10867ad95c4964d2186d,18b46bac9c6404600cf555d4c282f64e,9f4dc38e79a4b350a7b8db84e26f80fb
a8f96623fbaec473cab2fdf7ebfe38e0,e420805b4060f5fb06c0d0229a30819b,9883697e98f2a24de750f23f0b291864
59a3f70d04982e600eaa10654565dc58,2f8ec25d11e8868ce052dab0bc2343d8,6dfe717b59538391aa3a323ece1591aa
c5d198bd756cba47ca706c889e9983f3,7e6383c5165f9fb4b8c052d62d859979,b32f7cdb0019ecc65df08215153157b3
1138dee2bbd3b6eb9ecfe76439fec04a,26e4fdf85422aff13b255d88a77a35eb,fc9388ee551b20045fd32e3afc08d18e
d2d96439f32617b200f4ffe07848db56,ba9080b7f2dbdd256d2d990522c593a7,dee343c76cf870e957590f70263e93b0
51703e1c7c2e059d360ee26cd0da0f50,113e683c4aeb6e1740e95381f58801fe,6c20b77f935c89800cebb38d73419fe7
49e45d6473b32251e692ec09d5304cc2,80a89045356efd2f77124bd87dbd0e10,2e4a055e7b9caf610fd2e4c7df8ccb46
822e4e3d44fc3031d00f6f22e39c6d6f,2c823902f5607366ac44f7999987f983,8ec075b22904db972ca54ded09792387
f1661ee62a996e93fb7a4613c111d8e4,26e4fdf85422aff13b255d88a77a35eb,fc9388ee551b20045fd32e3afc08d18e
59be2b3eeee554812be15d272a3b505a,7e6383c5165f9fb4b8c052d62d859979,b32f7cdb0019ecc65df08215153157b3
a8eb7891e93a337031959c8b26e7cea8,187b5e73bbf46bae049b6b89348708fe,09d639834ac86ae4b0ae4d539bbad6a2
21ee47561056c7e5022e39558f29d7fe,ba9080b7f2dbdd256d2d990522c593a7,dee343c76cf870e957590f70263e93b0
01287e4366aac7c4ee999c8fcab4ac7d,191cb7517f291f8ce4cd734b84cfec51,e3c59416adf34a1b0daac11b737ebaa9
36db4b2d3592b14dad549d03f333d301,80a89045356efd2f77124bd87dbd0e10,2e4a055e7b9caf610fd2e4c7df8ccb46
997986be57cfa1f9827480916c952185,2f8ec25d11e8868ce052dab0bc2343d8,6dfe717b59538391aa3a323ece1591aa
29648eaa13bf7e31a242baa63161b509,6cd37657c625d27ec6db0a72764b530a,40e191de4f80bcdc56c0b603c9b06427
07c4eb8c34f1ac4310d4bc22a9cb1c5b,7e6383c5165f9fb4b8c052d62d859979,b32f7cdb0019ecc65df08215153157b3
f9666df17210d2343affb5a429754c9c,80a89045356efd2f77124bd87dbd0e10,2e4a055e7b9caf610fd2e4c7df8ccb46
79c284b11549ddbc3fb2a60e6f249f14,e4cccce30bcb06af61d070570ca1dbc8,48af117c503e7db30ab93d3192ec78bb
0437f8104ba82e3494897de1d269d609,80a89045356efd2f77124bd87dbd0e10,2e4a055e7b9caf610fd2e4c7df8ccb46
367a12a81e2fb2f7e08df950648b99e0,7e6383c5165f9fb4b8c052d62d859979,b32f7cdb0019ecc65df08215153157b3
c4a531e6c921b8a08db023ae67ede9b7,18b46bac9c6404600cf555d4c282f64e,9f4dc38e79a4b350a7b8db84e26f80fb
6823c6d266f491fef1728e7fb4628641,26e4fdf85422aff13b255d88a77a35eb,fc9388ee551b20045fd32e3afc08d18e
0ce1ffdde91e53716643c157b1994946,18b46bac9c6404600cf555d4c282f64e,9f4dc38e79a4b350a7b8db84e26f80fb
93e5724b837718d4710a88b63075e503,26e4fdf85422aff13b255d88a77a35eb,fc9388ee551b20045fd32e3afc08d18e
65a21864f930a9d641f5592bbff09819,2f8ec25d11e8868ce052dab0bc2343d8,6dfe717b59538391aa3a323ece1591aa
5c67734ec622afed050348851d65881a,2c823902f5607366ac44f7999987f983,8ec075b22904db972ca54ded09792387
deb9a0d4000f8742bfcd01e820da8a10,187b5e73bbf46bae049b6b89348708fe,09d639834ac86ae4b0ae4d539bbad6a2
e503f1477d65d6cba25a9ee7af22b38d,ba9080b7f2dbdd256d2d990522c593a7,dee343c76cf870e957590f70263e93b0
56fa2328c15303b475bf2bd9e9200107,113e683c4aeb6e1740e95381f58801fe,6c20b77f935c89800cebb38d73419fe7
fbbd6a452eaa25375ad3e4a5aa844d6f,520b3f55ccb0522f3e6060ef1835d6e1,972e05f7aca2177ddc5e07c0afb3cbcb
b096a029fa12c6eb5eee70060871eff0,191cb7517f291f8ce4cd734b84cfec51,e3c59416adf34a1b0daac11b737ebaa9
88c3811934ea685e0b71d6904222d7d6,113e683c4aeb6e1740e95381f58801fe,6c20b77f935c89800cebb38d73419fe7
69c9f160e78cc69ba8561899171698b0,80a89045356efd2f77124bd87dbd0e10,2e4a055e7b9caf610fd2e4c7df8ccb46
098d838611796b5f7f6c6b9fa76118d2,2f8ec25d11e8868ce052dab0bc2343d8,6dfe717b59538391aa3a323ece1591aa
0e85e4838fd87d9e57272cb80edc42e5,e420805b4060f5fb06c0d0229a30819b,9883697e98f2a24de750f23f0b291864
50d933dfc0154234eb671d2bec6c277a,a0b5478dfba810376edda3e5c8c6b0bd,2754c074ce7857bfb3cdcd83ddf08e05
5dc32f009b7541f29b67dddccadc5615,6cd37657c625d27ec6db0a72764b530a,40e191de4f80bcdc56c0b603c9b06427
b4b467f756761972e57e9ec9eeeb9ba6,187b5e73bbf46bae049b6b89348708fe,09d639834ac86ae4b0ae4d539bbad6a2
59bcd093d9fcdcbbf8a0bb7f9efa0267,6cd37657c625d27ec6db0a72764b530a,40e191de4f80bcdc56c0b603c9b06427
b939791aba37a49d59a0c7f750af18fc,2f8ec25d11e8868ce052dab0bc2343d8,6dfe717b59538391aa3a323ece1591aa
311c6f7c81732040b0d72456cecbf390,18b46bac9c6404600cf555d4c282f64e,9f4dc38e79a4b350a7b8db84e26f80fb
ca112b20a453b509b7b9a4e05844139f,187b5e73bbf46bae049b6b89348708fe,09d639834ac86ae4b0ae4d539bbad6a2
bda739a00df1bf63f600fd10c9cffaf9,e4cccce30bcb06af61d070570ca1dbc8,48af117c503e7db30ab93d3192ec78bb
ba158e2650bf3ed958369b50e6fd60cc,e420805b4060f5fb06c0d0229a30819b,9883697e98f2a24de750f23f0b291864
dc565ec742409205a6f8253c8f8620af,520b3f55ccb0522f3e6060ef1835d6e1,972e05f7aca2177ddc5e07c0afb3cbcb
207ac4c6a7a58d00567fd3eb4f341949,187b5e73bbf46bae049b6b89348708fe,09d639834ac86ae4b0ae4d539bbad6a2
3277cd62c606de0540a11ba44d1236fa,a0b5478dfba810376edda3e5c8c6b0bd,2754c074ce7857bfb3cdcd83ddf08e05
17c32018c111788bd99fdf45e19589f6,191cb7517f291f8ce4cd734b84cfec51,e3c59416adf34a1b0daac11b737ebaa9
3a573f826eb280049b3c7f30624fff3a,7e6383c5165f9fb4b8c052d62d859979,b32f7cdb0019ecc65df08215153157b3
121cbf705a4896d6c9724a01b4bd45ec,2f8ec25d11e8868ce052dab0bc2343d8,6dfe717b59538391aa3a323ece1591aa
de9fee5de6c064bd982dcc0982e4c193,80a89045356efd2f77124bd87dbd0e10,2e4a055e7b9caf610fd2e4c7df8ccb46
17203838d75c55dc9303c2b9822bf1a1,2f8ec25d11e8868ce052dab0bc2343d8,6dfe717b59538391aa3a323ece1591aa
6be2dc547b1a355c5a8b654e8b3c0a6d,2f8ec25d11e8868ce052dab0bc2343d8,6dfe717b59538391aa3a323ece1591aa
990581693824ae363dd3683d8fd0e3b7,80a89045356efd2f77124bd87dbd0e10,2e4a055e7b9caf610fd2e4c7df8ccb46
8c5ca04496391117f1395b8b2f7b8920,18b46bac9c6404600cf555d4c282f64e,9f4dc38e79a4b350a7b8db84e26f80fb
be525223252488a84b0f455bd0057968,18b46bac9c6404600cf555d4c282f64e,9f4dc38e79a4b350a7b8db84e26f80fb
2dd9d004ac487ecbd8529572cbff0482,2c823902f5607366ac44f7999987f983,8ec075b22904db972ca54ded09792387
938574da23dcba72ad752527439095fd,e4cccce30bcb06af61d070570ca1dbc8,48af117c503e7db30ab93d3192ec78bb
f6a76b6cf319272a279b108c55c52661,2f8ec25d11e8868ce052dab0bc2343d8,6dfe717b59538391aa3a323ece1591aa
a56613eb3f200b4b6ae8370eb1891101,2e68a55be700b54ae9d92efb2c52378c,2980c6e4253deb7bbcbbbebd5fb6c35b
e325cb2693d770de15e6d0d016ca1890,191cb7517f291f8ce4cd734b84cfec51,e3c59416adf34a1b0daac11b737ebaa9
9d5aae6ed0bbde0f1ed9d33714af5aea,26e4fdf85422aff13b255d88a77a35eb,fc9388ee551b20045fd32e3afc08d18e
031cce4b27c2e2f23130aac711a42769,a0b5478dfba810376edda3e5c8c6b0bd,2754c074ce7857bfb3cdcd83ddf08e05
6e26f6d59cbc1eb92431b3d4253336ac,191cb7517f291f8ce4cd734b84cfec51,e3c59416adf34a1b0daac11b737ebaa9
eba3a70e501a191bc31698268417dd7f,2e68a55be700b54ae9d92efb2c52378c,2980c6e4253deb7bbcbbbebd5fb6c35b
84ecc6ec0644a72cb7b597ee074ae099,187b5e73bbf46bae049b6b89348708fe,09d639834ac86ae4b0ae4d539bbad6a2
f04e300d4e4bb7c5d9fa02207891464c,e4cccce30bcb06af61d070570ca1dbc8,48af117c503e7db30ab93d3192ec78bb
cd4fb841c31f2adb8701dbfd225d64c9,520b3f55ccb0522f3e6060ef1835d6e1,972e05f7aca2177ddc5e07c0afb3cbcb
d85f2379108cfa7e4377ddc3dce09514,2c823902f5607366ac44f7999987f983,8ec075b22904db972ca54ded09792387
f4f7612ea47c007a04e9de929f000ba3,a0b5478dfba810376edda3e5c8c6b0bd,2754c074ce7857bfb3cdcd83ddf08e05
ec4cd996759e429665b6674b10a99b41,187b5e73bbf46bae049b6b89348708fe,09d639834ac86ae4b0ae4d539bbad6a2
b2c03fd7cefdbc06aded2ebc2c8b0f82,18b46bac9c6404600cf555d4c282f64e,9f4dc38e79a4b350a7b8db84e26f80fb
4c6b6846b781b984c7b60d577f86210c,6cd37657c625d27ec6db0a72764b530a,40e191de4f80bcdc56c0b603c9b06427
21a67ea9bb4c4bc2a975502cc755a977,187b5e73bbf46bae049b6b89348708fe,09d639834ac86ae4b0ae4d539bbad6a2
f21f7ea4dd7c21336aa7c928b815c6d5,7e6383c5165f9fb4b8c052d62d859979,b32f7cdb0019ecc65df08215153157b3
d368460452f964e7883b4b8d58e0f987,a0b5478dfba810376edda3e5c8c6b0bd,2754c074ce7857bfb3cdcd83ddf08e05
afb24b0290f815d25c5dbac55a9a0b09,80a89045356efd2f77124bd87dbd0e10,2e4a055e7b9caf610fd2e4c7df8ccb46
a8ce160936229ecc51b08b813ba3f663,2f8ec25d11e8868ce052dab0bc2343d8,6dfe717b59538391aa3a323ece1591aa
b4be4e2b4768103bc0b13269ba4a9675,18b46bac9c6404600cf555d4c282f64e,9f4dc38e79a4b350a7b8db84e26f80fb
f32c0cc09d81ae4aa4e321d1c2c775a3,ba9080b7f2dbdd256d2d990522c593a7,dee343c76cf870e957590f70263e93b0
a11d6abeb7e86cf2d3e7d7a43ca759b0,80a89045356efd2f77124bd87dbd0e10,2e4a055e7b9caf610fd2e4c7df8ccb46
fe2b519101f86e354a55e864d880d4de,520b3f55ccb0522f3e6060ef1835d6e1,972e05f7aca2177ddc5e07c0afb3cbcb
44532d453d047010d38472f98f8a5414,e4cccce30bcb06af61d070570ca1dbc8,48af117c503e7db30ab93d3192ec78bb
bd838ee35d58569143e6742e9c46ea06,520b3f55ccb0522f3e6060ef1835d6e1,972e05f7aca2177ddc5e07c0afb3cbcb
5296a656c908c7ff3d7d66bd22100bf5,80a89045356efd2f77124bd87dbd0e10,2e4a055e7b9caf610fd2e4c7df8ccb46
1d43cb62bd84b4ef687989a0693bceec,187b5e73bbf46bae049b6b89348708fe,09d639834ac86ae4b0ae4d539bbad6a2
b46c2c47308770f1e9fc636f6598ee96,6cd37657c625d27ec6db0a72764b530a,40e191de4f80bcdc56c0b603c9b06427
4008c35004b09c30faa7d8da47dc79e2,2f8ec25d11e8868ce052dab0bc2343d8,6dfe717b59538391aa3a323ece1591aa
44055893053f1fbaa8e38caaee7fc058,80a89045356efd2f77124bd87dbd0e10,2e4a055e7b9caf610fd2e4c7df8ccb46
14a5fa0fffb0c774ebb78048f839989b,6cd37657c625d27ec6db0a72764b530a,40e191de4f80bcdc56c0b603c9b06427
20939d097efa3b0887fbf22b0e16f773,187b5e73bbf46bae049b6b89348708fe,09d639834ac86ae4b0ae4d539bbad6a2
ecd077f3d5b922acc84acf3a0bc505d9,18b46bac9c6404600cf555d4c282f64e,9f4dc38e79a4b350a7b8db84e26f80fb
665208b736cc3381f8f4843e7ab159f5,e4cccce30bcb06af61d070570ca1dbc8,48af117c503e7db30ab93d3192ec78bb
f67a4ec552a71f9c34d72fa74cfb998a,2e68a55be700b54ae9d92efb2c52378c,2980c6e4253deb7bbcbbbebd5fb6c35b
7fa7f44041bd93c9ed497c1da2a5cdcc,26e4fdf85422aff13b255d88a77a35eb,fc9388ee551b20045fd32e3afc08d18e
bfce252e60866427ffdca81caf236ad8,e4cccce30bcb06af61d070570ca1dbc8,48af117c503e7db30ab93d3192ec78bb
ddc169dff6f9717eea31b7fef8dff4d4,113e683c4aeb6e1740e95381f58801fe,6c20b77f935c89800cebb38d73419fe7
9d4f40c12143f807f457588e4667d8a6,2c823902f5607366ac44f7999987f983,8ec075b22904db972ca54ded09792387
9c95cf49f85dd84d033ddce59731f8d6,26e4fdf85422aff13b255d88a77a35eb,fc9388ee551b20045fd32e3afc08d18e
050b84bed1b3cd19ca9afe2e4764ae1a,a0b5478dfba810376edda3e5c8c6b0bd,2754c074ce7857bfb3cdcd83ddf08e05
5121515941ee76546421a816280fb572,520b3f55ccb0522f3e6060ef1835d6e1,972e05f7aca2177ddc5e07c0afb3cbcb
2c823902f5607366ac44f7999987f983,e4cccce30bcb06af61d070570ca1dbc8,48af117c503e7db30ab93d3192ec78bb
e759ebe4dcb2b35e0c29b6d018d45941,2f8ec25d11e8868ce052dab0bc2343d8,6dfe717b59538391aa3a323ece1591aa
8c012b94fcc593968c736970a2c9f6b9,ba9080b7f2dbdd256d2d990522c593a7,dee343c76cf870e957590f70263e93b0
fc08d78f165de1f0a98dd2742442eda7,2c823902f5607366ac44f7999987f983,8ec075b22904db972ca54ded09792387
399d090b9dafdf680b17892853c9a008,ba9080b7f2dbdd256d2d990522c593a7,dee343c76cf870e957590f70263e93b0
4e16fb81925e191e3cc5f70100702490,191cb7517f291f8ce4cd734b84cfec51,e3c59416adf34a1b0daac11b737ebaa9
d5f8336daa1c4a07938799bb366f10ae,18b46bac9c6404600cf555d4c282f64e,9f4dc38e79a4b350a7b8db84e26f80fb
30af29443d4ce3a05072f2a851730e73,26e4fdf85422aff13b255d88a77a35eb,fc9388ee551b20045fd32e3afc08d18e
6e9e7d69545fa2883337e4379eece166,2f8ec25d11e8868ce052dab0bc2343d8,6dfe717b59538391aa3a323ece1591aa
dfa377b406831f26cdec447d2741f945,6cd37657c625d27ec6db0a72764b530a,40e191de4f80bcdc56c0b603c9b06427
1824ca06bb5778b96c61c41ef50c7716,2c823902f5607366ac44f7999987f983,8ec075b22904db972ca54ded09792387
fc1e800bf95a1569a5ef1f9def2f2b58,6cd37657c625d27ec6db0a72764b530a,40e191de4f80bcdc56c0b603c9b06427
4e72c1800a9594db3fa3a78b964dc90a,ba9080b7f2dbdd256d2d990522c593a7,dee343c76cf870e957590f70263e93b0
7a7eb3e76992aa89bf010ccca72e8a49,2e68a55be700b54ae9d92efb2c52378c,2980c6e4253deb7bbcbbbebd5fb6c35b
4c0e6c466e8042173b0c9c2cd0395c89,2e68a55be700b54ae9d92efb2c52378c,2980c6e4253deb7bbcbbbebd5fb6c35b
840d8dc70843478c198ea10912a59f21,2f8ec25d11e8868ce052dab0bc2343d8,6dfe717b59538391aa3a323ece1591aa
b6770bcc9c3d10757ba9d71c5ad264df,520b3f55ccb0522f3e6060ef1835d6e1,972e05f7aca2177ddc5e07c0afb3cbcb
fbd985ba18a7f91202aa45c2d591c295,80a89045356efd2f77124bd87dbd0e10,2e4a055e7b9caf610fd2e4c7df8ccb46
b0d0082aa26a61cc481e53dedef3eb65,e4cccce30bcb06af61d070570ca1dbc8,48af117c503e7db30ab93d3192ec78bb
0eade1bda39c3341722fd400018f3220,6cd37657c625d27ec6db0a72764b530a,40e191de4f80bcdc56c0b603c9b06427
2e68a55be700b54ae9d92efb2c52378c,520b3f55ccb0522f3e6060ef1835d6e1,972e05f7aca2177ddc5e07c0afb3cbcb
9b1164ba52bcab67c2bc52358c44ee2b,18b46bac9c6404600cf555d4c282f64e,9f4dc38e79a4b350a7b8db84e26f80fb
8562e08a10f9f0ab9e30032ed83b7ea3,e420805b4060f5fb06c0d0229a30819b,9883697e98f2a24de750f23f0b291864
405a0c7e58dd2def35cf513054122c79,26e4fdf85422aff13b255d88a77a35eb,fc9388ee551b20045fd32e3afc08d18e
40390a129b6d5bddca53ae5cb988e7f8,26e4fdf85422aff13b255d88a77a35eb,fc9388ee551b20045fd32e3afc08d18e
c20b6544002ecd74c6fac0d0ab25c4da,80a89045356efd2f77124bd87dbd0e10,2e4a055e7b9caf610fd2e4c7df8ccb46
253ab30defb305ab0fbd46d0fc547ea4,26e4fdf85422aff13b255d88a77a35eb,fc9388ee551b20045fd32e3afc08d18e
2c99d4be04b3c8272eeedcaed0f4bf85,187b5e73bbf46bae049b6b89348708fe,09d639834ac86ae4b0ae4d539bbad6a2
beb38ec7769418d971b1e33d8866ae33,a0b5478dfba810376edda3e5c8c6b0bd,2754c074ce7857bfb3cdcd83ddf08e05
7c2690f6634a3260e6bcd14a85c9055c,2c823902f5607366ac44f7999987f983,8ec075b22904db972ca54ded09792387
cf1d1526c4bf4760ba9618b7cae9df08,187b5e73bbf46bae049b6b89348708fe,09d639834ac86ae4b0ae4d539bbad6a2
c44aeec4774b2aa0735084492ad243cd,e4cccce30bcb06af61d070570ca1dbc8,48af117c503e7db30ab93d3192ec78bb
84235d25a0d02ea32aee4dc3cdfd165f,2e68a55be700b54ae9d92efb2c52378c,2980c6e4253deb7bbcbbbebd5fb6c35b
dd757f32dfa1b5ffcfc14d114dd4ce73,ba9080b7f2dbdd256d2d990522c593a7,dee343c76cf870e957590f70263e93b0
f5b59f2df60b13726ac90cc0f5fff7d1,ba9080b7f2dbdd256d2d990522c593a7,dee343c76cf870e957590f70263e93b0
1c6b687a1ba605fd742d3774f299b82d,520b3f55ccb0522f3e6060ef1835d6e1,972e05f7aca2177ddc5e07c0afb3cbcb
f234b5f97995bce4b6c209f4abcb7adb,80a89045356efd2f77124bd87dbd0e10,2e4a055e7b9caf610fd2e4c7df8ccb46
08957600925d79f0d7dc35cc5e5e6425,26e4fdf85422aff13b255d88a77a35eb,fc9388ee551b20045fd32e3afc08d18e
4bf0307444270f7532732ac745a66f07,e4cccce30bcb06af61d070570ca1dbc8,48af117c503e7db30ab93d3192ec78bb
392b47c614aeae34e647a94f9a4f350a,2f8ec25d11e8868ce052dab0bc2343d8,6dfe717b59538391aa3a323ece1591aa
81597fae1166d839be8250538d4bdb5d,7e6383c5165f9fb4b8c052d62d859979,b32f7cdb0019ecc65df08215153157b3
1a19b72eae6e2e64348fdb9fee7e7074,a0b5478dfba810376edda3e5c8c6b0bd,2754c074ce7857bfb3cdcd83ddf08e05
18071a6e62fde607342b7de382e4dffe,80a89045356efd2f77124bd87dbd0e10,2e4a055e7b9caf610fd2e4c7df8ccb46
691797648fc4be1a9b3a064c678b808e,191cb7517f291f8ce4cd734b84cfec51,e3c59416adf34a1b0daac11b737ebaa9
020bd7f6db7ce40fb4afc937a0b8d979,520b3f55ccb0522f3e6060ef1835d6e1,972e05f7aca2177ddc5e07c0afb3cbcb
6c6c6bc83e06d66eee3cc206283f6015,26e4fdf85422aff13b255d88a77a35eb,fc9388ee551b20045fd32e3afc08d18e
d0e1b4b585ddeb7581d073716c6f636e,a0b5478dfba810376edda3e5c8c6b0bd,2754c074ce7857bfb3cdcd83ddf08e05
a7555bd88aec695063b30643d879e4e5,7e6383c5165f9fb4b8c052d62d859979,b32f7cdb0019ecc65df08215153157b3
cd0dfac8fb5994951a492cd5e983e189,191cb7517f291f8ce4cd734b84cfec51,e3c59416adf34a1b0daac11b737ebaa9
a3415406695d48a9a65b4912aad2ee55,520b3f55ccb0522f3e6060ef1835d6e1,972e05f7aca2177ddc5e07c0afb3cbcb
448d5122181a80e80afd83b652f1099a,18b46bac9c6404600cf555d4c282f64e,9f4dc38e79a4b350a7b8db84e26f80fb
22f62e761be0dd174299321e9cf99eaf,187b5e73bbf46bae049b6b89348708fe,09d639834ac86ae4b0ae4d539bbad6a2
44963f37120bf827c2575246c6d9145f,26e4fdf85422aff13b255d88a77a35eb,fc9388ee551b20045fd32e3afc08d18e
c51b74bc76291c70fdd24f40b5c992cb,18b46bac9c6404600cf555d4c282f64e,9f4dc38e79a4b350a7b8db84e26f80fb
44c17aa7bcacaee45e2c8db897b797aa,18b46bac9c6404600cf555d4c282f64e,9f4dc38e79a4b350a7b8db84e26f80fb
a5d70f2c8a3a507e182ef336a1e0ed27,520b3f55ccb0522f3e6060ef1835d6e1,972e05f7aca2177ddc5e07c0afb3cbcb
92facf22901f0a24db1dd38018863533,7e6383c5165f9fb4b8c052d62d859979,b32f7cdb0019ecc65df08215153157b3
82f996bf67d66626c52da3319b8d68ef,e420805b4060f5fb06c0d0229a30819b,9883697e98f2a24de750f23f0b291864
59d4041fabdac5ce154691711965fa66,e4cccce30bcb06af61d070570ca1dbc8,48af117c503e7db30ab93d3192ec78bb
9ebfbbdbcfe8762113a3f814ecd70d21,e420805b4060f5fb06c0d0229a30819b,9883697e98f2a24de750f23f0b291864
055e1a2fd7fbf346420944efc52756fa,7e6383c5165f9fb4b8c052d62d859979,b32f7cdb0019ecc65df08215153157b3
5be838f0d900aa90ce21b1ded81825ed,e420805b4060f5fb06c0d0229a30819b,9883697e98f2a24de750f23f0b291864
3aef7c0d4f9c1c14195d5e67dcfb7e86,2c823902f5607366ac44f7999987f983,8ec075b22904db972ca54ded09792387
187b5e73bbf46bae049b6b89348708fe,2e68a55be700b54ae9d92efb2c52378c,2980c6e4253deb7bbcbbbebd5fb6c35b
573c15a6961febe82aca84965fed5ae8,6cd37657c625d27ec6db0a72764b530a,40e191de4f80bcdc56c0b603c9b06427
a0b8beece7fe17cc254cdc5eeaa9500b,ba9080b7f2dbdd256d2d990522c593a7,dee343c76cf870e957590f70263e93b0
4b5acda2a8af3629af94466e30e5b1bd,80a89045356efd2f77124bd87dbd0e10,2e4a055e7b9caf610fd2e4c7df8ccb46
894ae6d7977cfaa481719f572ccc67ac,18b46bac9c6404600cf555d4c282f64e,9f4dc38e79a4b350a7b8db84e26f80fb
09fc718435e9e37fadd1f9a2b8f395b3,2f8ec25d11e8868ce052dab0bc2343d8,6dfe717b59538391aa3a323ece1591aa
f7c8fe4b6d4306c5d59388b358beae4b,a0b5478dfba810376edda3e5c8c6b0bd,2754c074ce7857bfb3cdcd83ddf08e05
1d9551c8abb71d65954b5d308ef2b4e8,113e683c4aeb6e1740e95381f58801fe,6c20b77f935c89800cebb38d73419fe7
0956ef3b2e4bac319fb3fee68f4ac03d,187b5e73bbf46bae049b6b89348708fe,09d639834ac86ae4b0ae4d539bbad6a2
a600b138a89482d3b2b157fea0f8166a,ba9080b7f2dbdd256d2d990522c593a7,dee343c76cf870e957590f70263e93b0
c83149cce9ea1838423c6bc08d204946,80a89045356efd2f77124bd87dbd0e10,2e4a055e7b9caf610fd2e4c7df8ccb46
55330a223c9934fa02f0972152d6335f,80a89045356efd2f77124bd87dbd0e10,2e4a055e7b9caf610fd2e4c7df8ccb46
79ae67aa2a7ad7e0b225d99ea52862ec,113e683c4aeb6e1740e95381f58801fe,6c20b77f935c89800cebb38d73419fe7
62a76dddc3c697369f43acd94cc74c15,18b46bac9c6404600cf555d4c282f64e,9f4dc38e79a4b350a7b8db84e26f80fb
7ac727242fac215e617c366b485d805b,191cb7517f291f8ce4cd734b84cfec51,e3c59416adf34a1b0daac11b737ebaa9
9df6eb7120554054c35f8cf787c4f864,2c823902f5607366ac44f7999987f983,8ec075b22904db972ca54ded09792387
69afe9ab3b8b398215a3c58cbfde825c,187b5e73bbf46bae049b6b89348708fe,09d639834ac86ae4b0ae4d539bbad6a2
614568a9fa9a8afa1b4932d1dcf900bd,e420805b4060f5fb06c0d0229a30819b,9883697e98f2a24de750f23f0b291864
bcdbfdd7c75c906ffc0e3374f7a39c32,e420805b4060f5fb06c0d0229a30819b,9883697e98f2a24de750f23f0b291864
3224c05f8c087ec8e24e9638d2528c83,a0b5478dfba810376edda3e5c8c6b0bd,2754c074ce7857bfb3cdcd83ddf08e05
b6439e8683bdba0877f100addd14db98,26e4fdf85422aff13b255d88a77a35eb,fc9388ee551b20045fd32e3afc08d18e
de56f527e6310554c05db3a1e5a391aa,2c823902f5607366ac44f7999987f983,8ec075b22904db972ca54ded09792387
1659e2140630266523f2048e2279f69c,26e4fdf85422aff13b255d88a77a35eb,fc9388ee551b20045fd32e3afc08d18e
c4aa6f1e0b14487c3e603fc70b912050,520b3f55ccb0522f3e6060ef1835d6e1,972e05f7aca2177ddc5e07c0afb3cbcb
8b26b33b5154e45149147cf6c146fea5,a0b5478dfba810376edda3e5c8c6b0bd,2754c074ce7857bfb3cdcd83ddf08e05
dcde36700d7abcbc7faba10077d67eb6,187b5e73bbf46bae049b6b89348708fe,09d639834ac86ae4b0ae4d539bbad6a2
a1b8ee54f22825ec49fe39d51257f88c,2f8ec25d11e8868ce052dab0bc2343d8,6dfe717b59538391aa3a323ece1591aa
c30a4fdc1ec598f4be9fd8976a7d3beb,ba9080b7f2dbdd256d2d990522c593a7,dee343c76cf870e957590f70263e93b0
1b76474089bc55e04a18225ae3b76e2c,80a89045356efd2f77124bd87dbd0e10,2e4a055e7b9caf610fd2e4c7df8ccb46
9bad4095ab34ae299854fec95a71f795,e420805b4060f5fb06c0d0229a30819b,9883697e98f2a24de750f23f0b291864
96576935d9c81c59286e720166deae96,18b46bac9c6404600cf555d4c282f64e,9f4dc38e79a4b350a7b8db84e26f80fb
611b75cb968c95f3d6cea476a428d52f,e4cccce30bcb06af61d070570ca1dbc8,48af117c503e7db30ab93d3192ec78bb
570b504e7cc1b398561a391bd0dc4312,18b46bac9c6404600cf555d4c282f64e,9f4dc38e79a4b350a7b8db84e26f80fb
58cdb1c831a4da659bc2ded7d268875a,6cd37657c625d27ec6db0a72764b530a,40e191de4f80bcdc56c0b603c9b06427
38ede5e59f2d2ed00eb2fc560e614fc2,7e6383c5165f9fb4b8c052d62d859979,b32f7cdb0019ecc65df08215153157b3
637795d2cdf43c6e71686737aec558e0,80a89045356efd2f77124bd87dbd0e10,2e4a055e7b9caf610fd2e4c7df8ccb46
768a18f8dc32141fa0942fe599ac69cd,ba9080b7f2dbdd256d2d990522c593a7,dee343c76cf870e957590f70263e93b0
31f1c2a0a88a0087137da4f49577a11f,ba9080b7f2dbdd256d2d990522c593a7,dee343c76cf870e957590f70263e93b0
161bd6b7e49b35a9d389abef55c5514d,80a89045356efd2f77124bd87dbd0e10,2e4a055e7b9caf610fd2e4c7df8ccb46
e43ab876b18d87e76ccd0de75fc38400,2e68a55be700b54ae9d92efb2c52378c,2980c6e4253deb7bbcbbbebd5fb6c35b
22266bc199bc876a3542a0ba5b0c0d73,7e6383c5165f9fb4b8c052d62d859979,b32f7cdb0019ecc65df08215153157b3
fed6489e2f786b47c0136ad0c3cbb141,e420805b4060f5fb06c0d0229a30819b,9883697e98f2a24de750f23f0b291864
f498dfff1b0e199903123a9ad2699d9c,2c823902f5607366ac44f7999987f983,8ec075b22904db972ca54ded09792387
c9d441be14aaceefb57fb42b87580521,2e68a55be700b54ae9d92efb2c52378c,2980c6e4253deb7bbcbbbebd5fb6c35b
8b24d6c47b1d11c0a77639dda56c7a9f,7e6383c5165f9fb4b8c052d62d859979,b32f7cdb0019ecc65df08215153157b3
81fa6eab71edb5ce25d9ec131d323f00,6cd37657c625d27ec6db0a72764b530a,40e191de4f80bcdc56c0b603c9b06427
ab4dfe960005dbf03d3adfbf324a224a,113e683c4aeb6e1740e95381f58801fe,6c20b77f935c89800cebb38d73419fe7
ba9080b7f2dbdd256d2d990522c593a7,187b5e73bbf46bae049b6b89348708fe,09d639834ac86ae4b0ae4d539bbad6a2
24cb6ddc23a0cb1d83f06fb9507c6b21,18b46bac9c6404600cf555d4c282f64e,9f4dc38e79a4b350a7b8db84e26f80fb
98ff9f1c64454be6de1a85251300ce85,6cd37657c625d27ec6db0a72764b530a,40e191de4f80bcdc56c0b603c9b06427
f5b05955dd9a0c6f1465750b18eeb5e7,187b5e73bbf46bae049b6b89348708fe,09d639834ac86ae4b0ae4d539bbad6a2
88b6082b92a086a8e34c65d323423878,7e6383c5165f9fb4b8c052d62d859979,b32f7cdb0019ecc65df08215153157b3
4dd10c4dfef525c714f9bf6e1d188a38,e4cccce30bcb06af61d070570ca1dbc8,48af117c503e7db30ab93d3192ec78bb
23b2f83e017dadb983bbbe857608f055,ba9080b7f2dbdd256d2d990522c593a7,dee343c76cf870e957590f70263e93b0
d5dd1b2ea6ce6aa0654b5a51b1f74fee,191cb7517f291f8ce4cd734b84cfec51,e3c59416adf34a1b0daac11b737ebaa9
e9c995940deaf41f05fc2f77053113b6,520b3f55ccb0522f3e6060ef1835d6e1,972e05f7aca2177ddc5e07c0afb3cbcb
524d1eaf669dc2aa113ea4eb34a83eee,6cd37657c625d27ec6db0a72764b530a,40e191de4f80bcdc56c0b603c9b06427
55d2c0de2e1564ee545ca6658a20cbbb,18b46bac9c6404600cf555d4c282f64e,9f4dc38e79a4b350a7b8db84e26f80fb
defda70c1bc860c8cd540f60cdcd71ea,7e6383c5165f9fb4b8c052d62d859979,b32f7cdb0019ecc65df08215153157b3
00f97d03f9dc3e747b2ec44181e2ff07,18b46bac9c6404600cf555d4c282f64e,9f4dc38e79a4b350a7b8db84e26f80fb
fdcd65f5fba8ac2e3af1e49fa1f7b898,18b46bac9c6404600cf555d4c282f64e,9f4dc38e79a4b350a7b8db84e26f80fb
1707981dadaf3f50ae0625730a442519,2c823902f5607366ac44f7999987f983,8ec075b22904db972ca54ded09792387
928366d2662e27ae0ec56f6640a32aa0,113e683c4aeb6e1740e95381f58801fe,6c20b77f935c89800cebb38d73419fe7
633d9837e629f86fed00557fa96cabd3,6cd37657c625d27ec6db0a72764b530a,40e191de4f80bcdc56c0b603c9b06427
32bf57376adb3c8c975869d4a37e8f3a,7e6383c5165f9fb4b8c052d62d859979,b32f7cdb0019ecc65df08215153157b3
1f77fe4180b9324fd261e60e0bbe794a,80a89045356efd2f77124bd87dbd0e10,2e4a055e7b9caf610fd2e4c7df8ccb46
9a76882f30ba81e1ec52a5f367d040f6,18b46bac9c6404600cf555d4c282f64e,9f4dc38e79a4b350a7b8db84e26f80fb
2e2a3e94fe0147786115074b27feac7a,a0b5478dfba810376edda3e5c8c6b0bd,2754c074ce7857bfb3cdcd83ddf08e05
a25a542669f860e3a5ee0a1e41ccf8a4,2e68a55be700b54ae9d92efb2c52378c,2980c6e4253deb7bbcbbbebd5fb6c35b
b78ffb86d12f5a7b0f67ffda5e1412a3,ba9080b7f2dbdd256d2d990522c593a7,dee343c76cf870e957590f70263e93b0
e8c7a4d2f7cd8d5b478d6519138f1bd2,520b3f55ccb0522f3e6060ef1835d6e1,972e05f7aca2177ddc5e07c0afb3cbcb
94644aa6d44e6526613b3f53dcb98796,ba9080b7f2dbdd256d2d990522c593a7,dee343c76cf870e957590f70263e93b0
4f43ea993fed146ac5045bae45535266,191cb7517f291f8ce4cd734b84cfec51,e3c59416adf34a1b0daac11b737ebaa9
3348050aaaacefd6d598b3cec945b7df,191cb7517f291f8ce4cd734b84cfec51,e3c59416adf34a1b0daac11b737ebaa9
f0c0b71afc62d5f0bc3800133f144845,2e68a55be700b54ae9d92efb2c52378c,2980c6e4253deb7bbcbbbebd5fb6c35b
babf04b746c1ce84318a7a70b34c69f8,a0b5478dfba810376edda3e5c8c6b0bd,2754c074ce7857bfb3cdcd83ddf08e05
33021c5eb2664eaa6e66b8a218a1bf68,2c823902f5607366ac44f7999987f983,8ec075b22904db972ca54ded09792387
06d2cb776791ce3d836cadaeac94e72e,2c823902f5607366ac44f7999987f983,8ec075b22904db972ca54ded09792387
4833e9ef15e257657d6c494018a1a8a1,2c823902f5607366ac44f7999987f983,8ec075b22904db972ca54ded09792387
1640e260b1bfcded27062f8f5bf0aaa7,18b46bac9c6404600cf555d4c282f64e,9f4dc38e79a4b350a7b8db84e26f80fb
13226376cbf6e6c40d0e9300eef52cb6,2e68a55be700b54ae9d92efb2c52378c,2980c6e4253deb7bbcbbbebd5fb6c35b
62c6eae079689c5edcf8a9199a2f9fc6,6cd37657c625d27ec6db0a72764b530a,40e191de4f80bcdc56c0b603c9b06427
a8b5e8810f656a55afe7930b718b8ece,ba9080b7f2dbdd256d2d990522c593a7,dee343c76cf870e957590f70263e93b0
d4c4c75c41a17099e10d7e53b0a23404,a0b5478dfba810376edda3e5c8c6b0bd,2754c074ce7857bfb3cdcd83ddf08e05
d6a79823960ae510157bc8cb0a109708,520b3f55ccb0522f3e6060ef1835d6e1,972e05f7aca2177ddc5e07c0afb3cbcb
5bd1a9d2fec836cd04c07fa0ce804f4c,e4cccce30bcb06af61d070570ca1dbc8,48af117c503e7db30ab93d3192ec78bb
c36ff1d7144f96bddcae0b9b9428c7dd,187b5e73bbf46bae049b6b89348708fe,09d639834ac86ae4b0ae4d539bbad6a2
60ceb7b7a1c4fb91500dd3f3cf162788,113e683c4aeb6e1740e95381f58801fe,6c20b77f935c89800cebb38d73419fe7
f5a651e62eef35ef00df367a9d18c77b,e4cccce30bcb06af61d070570ca1dbc8,48af117c503e7db30ab93d3192ec78bb
0d434011965764a8ddb17bf9de48d430,113e683c4aeb6e1740e95381f58801fe,6c20b77f935c89800cebb38d73419fe7
cbc7e69d8f938340d4a7032dc7a72859,6cd37657c625d27ec6db0a72764b530a,40e191de4f80bcdc56c0b603c9b06427
0c3e1a89fe8f9dcee94eae740fe145c4,520b3f55ccb0522f3e6060ef1835d6e1,972e05f7aca2177ddc5e07c0afb3cbcb
334b67c5afa4a2b65c4d89f591556700,187b5e73bbf46bae049b6b89348708fe,09d639834ac86ae4b0ae4d539bbad6a2
4a20e73d7c671547ba55f8464c125541,6cd37657c625d27ec6db0a72764b530a,40e191de4f80bcdc56c0b603c9b06427
7645a493600d0fe35fb34fdfe74048f4,26e4fdf85422aff13b255d88a77a35eb,fc9388ee551b20045fd32e3afc08d18e
7b57ecfbcef4ed347ac984816e883c7e,e4cccce30bcb06af61d070570ca1dbc8,48af117c503e7db30ab93d3192ec78bb
d28767a256b8b9cf8a2ac510208bd634,80a89045356efd2f77124bd87dbd0e10,2e4a055e7b9caf610fd2e4c7df8ccb46
63bf943a0f5613444413bef24c3bff51,a0b5478dfba810376edda3e5c8c6b0bd,2754c074ce7857bfb3cdcd83ddf08e05
edb121b99db80905a3c89023580e7bff,520b3f55ccb0522f3e6060ef1835d6e1,972e05f7aca2177ddc5e07c0afb3cbcb
1fe71d3cb1d906a929ab1c303ce3516d,7e6383c5165f9fb4b8c052d62d859979,b32f7cdb0019ecc65df08215153157b3
1462d8344161cee127dead7cf083c2aa,e420805b4060f5fb06c0d0229a30819b,9883697e98f2a24de750f23f0b291864
86ce1e87d05e289df4bda713103ea0ba,2f8ec25d11e8868ce052dab0bc2343d8,6dfe717b59538391aa3a323ece1591aa
1d5366f9a1f7d9a07a82babf4b5450d9,e420805b4060f5fb06c0d0229a30819b,9883697e98f2a24de750f23f0b291864
eb070f6892501b7db884821c0d8cc873,e4cccce30bcb06af61d070570ca1dbc8,48af117c503e7db30ab93d3192ec78bb
95b95d8d75fad9d5bb6e3ca910e830c9,ba9080b7f2dbdd256d2d990522c593a7,dee343c76cf870e957590f70263e93b0
45213fac5d46ad4690a97a29b8383cba,2f8ec25d11e8868ce052dab0bc2343d8,6dfe717b59538391aa3a323ece1591aa
64bb3b9155d822056ca6ecf28b83a786,113e683c4aeb6e1740e95381f58801fe,6c20b77f935c89800cebb38d73419fe7
6439838c356a6256f815b9274574a817,18b46bac9c6404600cf555d4c282f64e,9f4dc38e79a4b350a7b8db84e26f80fb
8dd0ff78dbb006c635ba88e78eb59c15,191cb7517f291f8ce4cd734b84cfec51,e3c59416adf34a1b0daac11b737ebaa9
a76f8c5af4ebad4d0c5f6c609149568f,e420805b4060f5fb06c0d0229a30819b,9883697e98f2a24de750f23f0b291864
195ac4a2546ab62b076c920e09c49da9,113e683c4aeb6e1740e95381f58801fe,6c20b77f935c89800cebb38d73419fe7
bffc72b43eb8cb904d908e9cb565b5bc,80a89045356efd2f77124bd87dbd0e10,2e4a055e7b9caf610fd2e4c7df8ccb46
20555bc2c929e0ab102bc5e278b47efb,26e4fdf85422aff13b255d88a77a35eb,fc9388ee551b20045fd32e3afc08d18e
0579f21fa53a71d0462c32473a74e568,26e4fdf85422aff13b255d88a77a35eb,fc9388ee551b20045fd32e3afc08d18e
bd60dbd7c086b0b435af41f443b7774d,191cb7517f291f8ce4cd734b84cfec51,e3c59416adf34a1b0daac11b737ebaa9
ea48e41edc482c691e32538271803443,6cd37657c625d27ec6db0a72764b530a,40e191de4f80bcdc56c0b603c9b06427
18a07907ad5cf02591247c48fe46d033,80a89045356efd2f77124bd87dbd0e10,2e4a055e7b9caf610fd2e4c7df8ccb46
d519d0806d3086e04ad0e9911a14f14e,26e4fdf85422aff13b255d88a77a35eb,fc9388ee551b20045fd32e3afc08d18e
480dfd5c310bd331a485f059486459ee,191cb7517f291f8ce4cd734b84cfec51,e3c59416adf34a1b0daac11b737ebaa9
f92fb1a06baae03d3743959a843fd995,7e6383c5165f9fb4b8c052d62d859979,b32f7cdb0019ecc65df08215153157b3
db8942a1baf882dbf7d0ce032081592a,80a89045356efd2f77124bd87dbd0e10,2e4a055e7b9caf610fd2e4c7df8ccb46
f1560074ae1e0135be34b1589c8b03fe,7e6383c5165f9fb4b8c052d62d859979,b32f7cdb0019ecc65df08215153157b3
d9ab68972372700b71af0ffc6e4f74cd,26e4fdf85422aff13b255d88a77a35eb,fc9388ee551b20045fd32e3afc08d18e
12547ac7233dc00bc63ba43d9aa428bc,520b3f55ccb0522f3e6060ef1835d6e1,972e05f7aca2177ddc5e07c0afb3cbcb
35c2906560ed01376f37d7d9bcb8eb88,a0b5478dfba810376edda3e5c8c6b0bd,2754c074ce7857bfb3cdcd83ddf08e05
b79656eb0793fcc851cd9d1421c012f7,26e4fdf85422aff13b255d88a77a35eb,fc9388ee551b20045fd32e3afc08d18e
69235fd72fcbc9fc491f42974ad34cb8,2f8ec25d11e8868ce052dab0bc2343d8,6dfe717b59538391aa3a323ece1591aa
62db2836b6757169a716d9d2336c6d01,ba9080b7f2dbdd256d2d990522c593a7,dee343c76cf870e957590f70263e93b0
2ba932d933eb93683d3ad18638f52881,18b46bac9c6404600cf555d4c282f64e,9f4dc38e79a4b350a7b8db84e26f80fb
fae9bddae532b3c75ff6fd9df3b424bb,80a89045356efd2f77124bd87dbd0e10,2e4a055e7b9caf610fd2e4c7df8ccb46
18b46bac9c6404600cf555d4c282f64e,520b3f55ccb0522f3e6060ef1835d6e1,972e05f7aca2177ddc5e07c0afb3cbcb
c828da6dffd5340ae3de12a7d21665c4,191cb7517f291f8ce4cd734b84cfec51,e3c59416adf34a1b0daac11b737ebaa9
cae8c22af4b58888af4cadb18144e862,2e68a55be700b54ae9d92efb2c52378c,2980c6e4253deb7bbcbbbebd5fb6c35b
e6269765d1807922f63429b2167cc1d5,7e6383c5165f9fb4b8c052d62d859979,b32f7cdb0019ecc65df08215153157b3
70ab203026c474cb8649426daa97eb37,2e68a55be700b54ae9d92efb2c52378c,2980c6e4253deb7bbcbbbebd5fb6c35b
ee07bc8171b26cc9742d991d3099cbac,2c823902f5607366ac44f7999987f983,8ec075b22904db972ca54ded09792387
20b8b1a2eeeb031666257eb0393c3f7f,ba9080b7f2dbdd256d2d990522c593a7,dee343c76cf870e957590f70263e93b0
ab78036c8f6a54d0570c31cef1075274,ba9080b7f2dbdd256d2d990522c593a7,dee343c76cf870e957590f70263e93b0
69ada8986e3f9ede6cf79e56549d0aa7,187b5e73bbf46bae049b6b89348708fe,09d639834ac86ae4b0ae4d539bbad6a2
db79ac07ef71209a872492d8a891d594,26e4fdf85422aff13b255d88a77a35eb,fc9388ee551b20045fd32e3afc08d18e
4a87e7ba5f0530c49e5a7c8086921ea0,18b46bac9c6404600cf555d4c282f64e,9f4dc38e79a4b350a7b8db84e26f80fb
f73a1082fcbc888d3347097397de8eeb,e4cccce30bcb06af61d070570ca1dbc8,48af117c503e7db30ab93d3192ec78bb
af47e1f2f09919f3ea8f8df9ac2e225d,520b3f55ccb0522f3e6060ef1835d6e1,972e05f7aca2177ddc5e07c0afb3cbcb
8de33e3844ed7bb507d0f9b53ee3bfaa,2c823902f5607366ac44f7999987f983,8ec075b22904db972ca54ded09792387
a7587846b86367d26ee2d0b138694754,187b5e73bbf46bae049b6b89348708fe,09d639834ac86ae4b0ae4d539bbad6a2
1dcb594071ffad9ad3a1d94f9ba9336b,e420805b4060f5fb06c0d0229a30819b,9883697e98f2a24de750f23f0b291864
334c7452c6b6e689c3734438844de246,e4cccce30bcb06af61d070570ca1dbc8,48af117c503e7db30ab93d3192ec78bb
f4c9b32d163943aad67f58a903969790,7e6383c5165f9fb4b8c052d62d859979,b32f7cdb0019ecc65df08215153157b3
7e7e6b714736c47faff893427a0974ce,18b46bac9c6404600cf555d4c282f64e,9f4dc38e79a4b350a7b8db84e26f80fb
1661848c2cfbdd95d6a1687c056f2ef7,187b5e73bbf46bae049b6b89348708fe,09d639834ac86ae4b0ae4d539bbad6a2
9e656e8d5d74764a3a460ada577931a9,26e4fdf85422aff13b255d88a77a35eb,fc9388ee551b20045fd32e3afc08d18e
a7baf8644481dd367a71f5883f765b26,ba9080b7f2dbdd256d2d990522c593a7,dee343c76cf870e957590f70263e93b0
0122d8ad87fe52f9a6d149f25b6f2c15,191cb7517f291f8ce4cd734b84cfec51,e3c59416adf34a1b0daac11b737ebaa9
556b97a262e93bb704dc7890b31ee109,187b5e73bbf46bae049b6b89348708fe,09d639834ac86ae4b0ae4d539bbad6a2
e8c563376fb13393327f4c3739d11d0e,26e4fdf85422aff13b255d88a77a35eb,fc9388ee551b20045fd32e3afc08d18e
3ef0c801c0fb1f7cb35b663d4251d5da,520b3f55ccb0522f3e6060ef1835d6e1,972e05f7aca2177ddc5e07c0afb3cbcb
5f20003a5e324f5786c4436c59751081,191cb7517f291f8ce4cd734b84cfec51,e3c59416adf34a1b0daac11b737ebaa9
cc4c77e5e0789eedb430899a6bbab13d,a0b5478dfba810376edda3e5c8c6b0bd,2754c074ce7857bfb3cdcd83ddf08e05
a4500c9213935c46e46e081779405fa7,26e4fdf85422aff13b255d88a77a35eb,fc9388ee551b20045fd32e3afc08d18e
51769f8e35a59c0058a3fe338d787b69,a0b5478dfba810376edda3e5c8c6b0bd,2754c074ce7857bfb3cdcd83ddf08e05
9e37eb0c9f408873582546d9514a244b,18b46bac9c6404600cf555d4c282f64e,9f4dc38e79a4b350a7b8db84e26f80fb
f6b107a5227ce1c0eedb635bc1358046,2f8ec25d11e8868ce052dab0bc2343d8,6dfe717b59538391aa3a323ece1591aa
39554e3909d323d9ac3dc312ee17656a,6cd37657c625d27ec6db0a72764b530a,40e191de4f80bcdc56c0b603c9b06427
c1b6b4b35da4ba7f39f2d11a65f3468c,26e4fdf85422aff13b255d88a77a35eb,fc9388ee551b20045fd32e3afc08d18e
5a891dbc30f94a75ad096a96d92f8067,2e68a55be700b54ae9d92efb2c52378c,2980c6e4253deb7bbcbbbebd5fb6c35b
baab53addb391bbc3d0be834ea1767d3,2c823902f5607366ac44f7999987f983,8ec075b22904db972ca54ded09792387
b5e10e12d92e50fac1a3b33e456e0297,2f8ec25d11e8868ce052dab0bc2343d8,6dfe717b59538391aa3a323ece1591aa
caed69543676e46e6bd76c156ed66507,2c823902f5607366ac44f7999987f983,8ec075b22904db972ca54ded09792387
9d73a500002202c691d166d76df130ea,e420805b4060f5fb06c0d0229a30819b,9883697e98f2a24de750f23f0b291864
798bc4ce96a2bfa46f9c496c1ced87df,e420805b4060f5fb06c0d0229a30819b,9883697e98f2a24de750f23f0b291864
71ba1a0c521cf18f21395edecdf773b6,e4cccce30bcb06af61d070570ca1dbc8,48af117c503e7db30ab93d3192ec78bb
1a8deec5e1bce53b34e260506adeb634,191cb7517f291f8ce4cd734b84cfec51,e3c59416adf34a1b0daac11b737ebaa9
7a7eb976fd1d8542d7f890eeb6c7a1c0,18b46bac9c6404600cf555d4c282f64e,9f4dc38e79a4b350a7b8db84e26f80fb
769c2ad1736fc617e67dbcc9739ef720,ba9080b7f2dbdd256d2d990522c593a7,dee343c76cf870e957590f70263e93b0
