1644ea90b1b4b548a4619b3d39493b86,29688de43507ffb51bf4a10be91ed39f,93784b2feab942e750b34fe4186728cb,00940a87a6cbba2417572279cbbaee30
6dd2c5e18e8e38d155e0ab15e61fa744,e00acbbf2dd87396a5514bc4b4bcd6d6,ba56314b2bff9d287190ffb3ac2d54c3,e420805b4060f5fb06c0d0229a30819b
6dd2c5e18e8e38d155e0ab15e61fa744,8c7b58496c76c78075c663c674e970c7,0e84f9fb090a338af53fce0df0b38eeb,7e6383c5165f9fb4b8c052d62d859979
7424c099971e20460b031c0e9f6375f8,e00acbbf2dd87396a5514bc4b4bcd6d6,b7f3141d934b279ba339f807044f5363,e420805b4060f5fb06c0d0229a30819b
7424c099971e20460b031c0e9f6375f8,f6291b7dfa1bc171fd16c99bdcf3ce11,888361e2733c3026fd3e7b67358988fa,7e6383c5165f9fb4b8c052d62d859979
7424c099971e20460b031c0e9f6375f8,821213f084e808306fe143eee8f2c5c4,88e1dd0e9b1af2c19a1bff8af97c68cf,ba9080b7f2dbdd256d2d990522c593a7
7424c099971e20460b031c0e9f6375f8,61167195adea9e035dfb039575bdb7dd,37e8956742f0aefc49cf3d88001ca8fc,6cd37657c625d27ec6db0a72764b530a
7424c099971e20460b031c0e9f6375f8,6d23b92f026927b0d8da65335c573e98,0e84f9fb090a338af53fce0df0b38eeb,140ee06790a24d840e0e97e3a524dd93
380d45b7747be683c445a887a3cb9c58,e00acbbf2dd87396a5514bc4b4bcd6d6,0e9789afce4fdaec66e2dbc64cdf1efb,e420805b4060f5fb06c0d0229a30819b
380d45b7747be683c445a887a3cb9c58,676a67458dc101c9abec5c45a2d75ab1,888361e2733c3026fd3e7b67358988fa,7e6383c5165f9fb4b8c052d62d859979
380d45b7747be683c445a887a3cb9c58,821213f084e808306fe143eee8f2c5c4,ba56314b2bff9d287190ffb3ac2d54c3,ba9080b7f2dbdd256d2d990522c593a7
380d45b7747be683c445a887a3cb9c58,8c7b58496c76c78075c663c674e970c7,676517c2f277b256eace6a1ad6e12d76,6cd37657c625d27ec6db0a72764b530a
380d45b7747be683c445a887a3cb9c58,64e931baf24e68fad3f70b245c45a903,37e8956742f0aefc49cf3d88001ca8fc,140ee06790a24d840e0e97e3a524dd93
380d45b7747be683c445a887a3cb9c58,6d23b92f026927b0d8da65335c573e98,9e5f1d98315cde473d5fcceeca5aa57f,a92c3773642ea90362461e9cc2d48cbf
380d45b7747be683c445a887a3cb9c58,0a533dd2025138bb855354bab8eca463,0e9d45dc841feba7ae7d90c46c6aa2a1,4eb27cdb34bc8b4517df68615c1c4190
380d45b7747be683c445a887a3cb9c58,43cacbd906dffdd233f9da46e9148038,0e84f9fb090a338af53fce0df0b38eeb,8880a1aa18cdabb50552b584fc838cbe
f57b88c35d603af235a5fa30d92fe37c,e00acbbf2dd87396a5514bc4b4bcd6d6,0e9789afce4fdaec66e2dbc64cdf1efb,e420805b4060f5fb06c0d0229a30819b
f57b88c35d603af235a5fa30d92fe37c,676a67458dc101c9abec5c45a2d75ab1,ba56314b2bff9d287190ffb3ac2d54c3,7e6383c5165f9fb4b8c052d62d859979
f57b88c35d603af235a5fa30d92fe37c,8c7b58496c76c78075c663c674e970c7,37e8956742f0aefc49cf3d88001ca8fc,ba9080b7f2dbdd256d2d990522c593a7
f57b88c35d603af235a5fa30d92fe37c,6d23b92f026927b0d8da65335c573e98,0e84f9fb090a338af53fce0df0b38eeb,6cd37657c625d27ec6db0a72764b530a
3c6e2f58af7223b672577a0b732d02c1,e00acbbf2dd87396a5514bc4b4bcd6d6,b7f3141d934b279ba339f807044f5363,e420805b4060f5fb06c0d0229a30819b
3c6e2f58af7223b672577a0b732d02c1,f6291b7dfa1bc171fd16c99bdcf3ce11,ba56314b2bff9d287190ffb3ac2d54c3,7e6383c5165f9fb4b8c052d62d859979
3c6e2f58af7223b672577a0b732d02c1,8c7b58496c76c78075c663c674e970c7,37e8956742f0aefc49cf3d88001ca8fc,ba9080b7f2dbdd256d2d990522c593a7
3c6e2f58af7223b672577a0b732d02c1,6d23b92f026927b0d8da65335c573e98,0e84f9fb090a338af53fce0df0b38eeb,6cd37657c625d27ec6db0a72764b530a
d35fc60719a618e3610a457c872f7425,e00acbbf2dd87396a5514bc4b4bcd6d6,0e9789afce4fdaec66e2dbc64cdf1efb,e420805b4060f5fb06c0d0229a30819b
d35fc60719a618e3610a457c872f7425,676a67458dc101c9abec5c45a2d75ab1,b7f3141d934b279ba339f807044f5363,7e6383c5165f9fb4b8c052d62d859979
d35fc60719a618e3610a457c872f7425,f6291b7dfa1bc171fd16c99bdcf3ce11,88e1dd0e9b1af2c19a1bff8af97c68cf,ba9080b7f2dbdd256d2d990522c593a7
d35fc60719a618e3610a457c872f7425,61167195adea9e035dfb039575bdb7dd,0d0dff1bf04d88e357fd5cec4c10ab46,6cd37657c625d27ec6db0a72764b530a
d35fc60719a618e3610a457c872f7425,9368cdf1c4354de5fcdcec0f53968402,9f24d446bfcb449ce313e7e3743138c1,140ee06790a24d840e0e97e3a524dd93
d35fc60719a618e3610a457c872f7425,7eb4cafe076b331608f999b2e36cb4a2,37e8956742f0aefc49cf3d88001ca8fc,a92c3773642ea90362461e9cc2d48cbf
d35fc60719a618e3610a457c872f7425,6d23b92f026927b0d8da65335c573e98,9e5f1d98315cde473d5fcceeca5aa57f,4eb27cdb34bc8b4517df68615c1c4190
d35fc60719a618e3610a457c872f7425,0a533dd2025138bb855354bab8eca463,0e84f9fb090a338af53fce0df0b38eeb,8880a1aa18cdabb50552b584fc838cbe
46d34b46caf106f8f2ff63910b342d4d,e00acbbf2dd87396a5514bc4b4bcd6d6,b7f3141d934b279ba339f807044f5363,e420805b4060f5fb06c0d0229a30819b
46d34b46caf106f8f2ff63910b342d4d,f6291b7dfa1bc171fd16c99bdcf3ce11,88e1dd0e9b1af2c19a1bff8af97c68cf,7e6383c5165f9fb4b8c052d62d859979
46d34b46caf106f8f2ff63910b342d4d,61167195adea9e035dfb039575bdb7dd,0d0dff1bf04d88e357fd5cec4c10ab46,ba9080b7f2dbdd256d2d990522c593a7
46d34b46caf106f8f2ff63910b342d4d,9368cdf1c4354de5fcdcec0f53968402,9f24d446bfcb449ce313e7e3743138c1,6cd37657c625d27ec6db0a72764b530a
46d34b46caf106f8f2ff63910b342d4d,7eb4cafe076b331608f999b2e36cb4a2,37e8956742f0aefc49cf3d88001ca8fc,140ee06790a24d840e0e97e3a524dd93
46d34b46caf106f8f2ff63910b342d4d,6d23b92f026927b0d8da65335c573e98,9e5f1d98315cde473d5fcceeca5aa57f,a92c3773642ea90362461e9cc2d48cbf
46d34b46caf106f8f2ff63910b342d4d,0a533dd2025138bb855354bab8eca463,0e9d45dc841feba7ae7d90c46c6aa2a1,4eb27cdb34bc8b4517df68615c1c4190
46d34b46caf106f8f2ff63910b342d4d,43cacbd906dffdd233f9da46e9148038,0e84f9fb090a338af53fce0df0b38eeb,8880a1aa18cdabb50552b584fc838cbe
3217dcb90597a539c2c58c9cfcc016ea,e00acbbf2dd87396a5514bc4b4bcd6d6,ba56314b2bff9d287190ffb3ac2d54c3,e420805b4060f5fb06c0d0229a30819b
3217dcb90597a539c2c58c9cfcc016ea,8c7b58496c76c78075c663c674e970c7,37e8956742f0aefc49cf3d88001ca8fc,7e6383c5165f9fb4b8c052d62d859979
3217dcb90597a539c2c58c9cfcc016ea,6d23b92f026927b0d8da65335c573e98,ced1115c722b9c90776a9b4a500fbba1,ba9080b7f2dbdd256d2d990522c593a7
3217dcb90597a539c2c58c9cfcc016ea,01a58b35025b6587ba3b3bcce2d5ec37,0e84f9fb090a338af53fce0df0b38eeb,6cd37657c625d27ec6db0a72764b530a
c3e2057ed2d8b3d73f7658f45e445079,e00acbbf2dd87396a5514bc4b4bcd6d6,ba56314b2bff9d287190ffb3ac2d54c3,e420805b4060f5fb06c0d0229a30819b
c3e2057ed2d8b3d73f7658f45e445079,8c7b58496c76c78075c663c674e970c7,0e84f9fb090a338af53fce0df0b38eeb,7e6383c5165f9fb4b8c052d62d859979
abdbc6947855a2f35a152841bbe453e6,e00acbbf2dd87396a5514bc4b4bcd6d6,ba56314b2bff9d287190ffb3ac2d54c3,e420805b4060f5fb06c0d0229a30819b
abdbc6947855a2f35a152841bbe453e6,8c7b58496c76c78075c663c674e970c7,37e8956742f0aefc49cf3d88001ca8fc,7e6383c5165f9fb4b8c052d62d859979
abdbc6947855a2f35a152841bbe453e6,6d23b92f026927b0d8da65335c573e98,ced1115c722b9c90776a9b4a500fbba1,ba9080b7f2dbdd256d2d990522c593a7
abdbc6947855a2f35a152841bbe453e6,01a58b35025b6587ba3b3bcce2d5ec37,0e84f9fb090a338af53fce0df0b38eeb,6cd37657c625d27ec6db0a72764b530a
1c0536c1ecad693aa500d0aef98db54e,e00acbbf2dd87396a5514bc4b4bcd6d6,88e1dd0e9b1af2c19a1bff8af97c68cf,e420805b4060f5fb06c0d0229a30819b
1c0536c1ecad693aa500d0aef98db54e,61167195adea9e035dfb039575bdb7dd,9f24d446bfcb449ce313e7e3743138c1,7e6383c5165f9fb4b8c052d62d859979
1c0536c1ecad693aa500d0aef98db54e,7eb4cafe076b331608f999b2e36cb4a2,37e8956742f0aefc49cf3d88001ca8fc,ba9080b7f2dbdd256d2d990522c593a7
1c0536c1ecad693aa500d0aef98db54e,0a533dd2025138bb855354bab8eca463,ae67fd833ec8c0d4d61e6dbec2d95665,6cd37657c625d27ec6db0a72764b530a
1c0536c1ecad693aa500d0aef98db54e,cd23c81e4bc80af0ea30ae5498d4927b,2c33017e9b98996030dae7b083b592c8,140ee06790a24d840e0e97e3a524dd93
1c0536c1ecad693aa500d0aef98db54e,661ce05f5f68ca477f300d3ebc28c46a,d3aa5a3de2c229216dddae599aaa1e80,a92c3773642ea90362461e9cc2d48cbf
1c0536c1ecad693aa500d0aef98db54e,c0a0a9b10bcc2180960101f0925b4744,a38772683a46faf41dfa8ea45dc1a9ec,4eb27cdb34bc8b4517df68615c1c4190
1c0536c1ecad693aa500d0aef98db54e,ea61759462784817e860928254c81a49,0e84f9fb090a338af53fce0df0b38eeb,8880a1aa18cdabb50552b584fc838cbe
98d4db6a4683b2bb37cfde715f6ee717,e00acbbf2dd87396a5514bc4b4bcd6d6,b7f3141d934b279ba339f807044f5363,e420805b4060f5fb06c0d0229a30819b
98d4db6a4683b2bb37cfde715f6ee717,f6291b7dfa1bc171fd16c99bdcf3ce11,88e1dd0e9b1af2c19a1bff8af97c68cf,7e6383c5165f9fb4b8c052d62d859979
98d4db6a4683b2bb37cfde715f6ee717,61167195adea9e035dfb039575bdb7dd,9f24d446bfcb449ce313e7e3743138c1,ba9080b7f2dbdd256d2d990522c593a7
98d4db6a4683b2bb37cfde715f6ee717,7eb4cafe076b331608f999b2e36cb4a2,9e5f1d98315cde473d5fcceeca5aa57f,6cd37657c625d27ec6db0a72764b530a
98d4db6a4683b2bb37cfde715f6ee717,0a533dd2025138bb855354bab8eca463,2c33017e9b98996030dae7b083b592c8,140ee06790a24d840e0e97e3a524dd93
98d4db6a4683b2bb37cfde715f6ee717,661ce05f5f68ca477f300d3ebc28c46a,0e84f9fb090a338af53fce0df0b38eeb,a92c3773642ea90362461e9cc2d48cbf
ac2354eeb88d06587756d487b01d5a7b,e00acbbf2dd87396a5514bc4b4bcd6d6,ba56314b2bff9d287190ffb3ac2d54c3,e420805b4060f5fb06c0d0229a30819b
ac2354eeb88d06587756d487b01d5a7b,8c7b58496c76c78075c663c674e970c7,ced1115c722b9c90776a9b4a500fbba1,7e6383c5165f9fb4b8c052d62d859979
ac2354eeb88d06587756d487b01d5a7b,01a58b35025b6587ba3b3bcce2d5ec37,0e84f9fb090a338af53fce0df0b38eeb,ba9080b7f2dbdd256d2d990522c593a7
c68796ef39b97e00a4e7a78057731eaa,e00acbbf2dd87396a5514bc4b4bcd6d6,b7f3141d934b279ba339f807044f5363,e420805b4060f5fb06c0d0229a30819b
c68796ef39b97e00a4e7a78057731eaa,f6291b7dfa1bc171fd16c99bdcf3ce11,9f24d446bfcb449ce313e7e3743138c1,7e6383c5165f9fb4b8c052d62d859979
c68796ef39b97e00a4e7a78057731eaa,7eb4cafe076b331608f999b2e36cb4a2,ae67fd833ec8c0d4d61e6dbec2d95665,ba9080b7f2dbdd256d2d990522c593a7
c68796ef39b97e00a4e7a78057731eaa,cd23c81e4bc80af0ea30ae5498d4927b,d3aa5a3de2c229216dddae599aaa1e80,6cd37657c625d27ec6db0a72764b530a
c68796ef39b97e00a4e7a78057731eaa,c0a0a9b10bcc2180960101f0925b4744,e9fad331289c2df59f2051ac4cde0a8c,140ee06790a24d840e0e97e3a524dd93
c68796ef39b97e00a4e7a78057731eaa,a7e64c7e53174f2e803a97045b65955f,45a06af84f9f57814c5f5bd81a9522f0,a92c3773642ea90362461e9cc2d48cbf
c68796ef39b97e00a4e7a78057731eaa,9d64d87aed439e89896caf2a57108f14,0e84f9fb090a338af53fce0df0b38eeb,4eb27cdb34bc8b4517df68615c1c4190
5e0ed7beaa1828185efb00af09030068,e00acbbf2dd87396a5514bc4b4bcd6d6,ba56314b2bff9d287190ffb3ac2d54c3,e420805b4060f5fb06c0d0229a30819b
5e0ed7beaa1828185efb00af09030068,8c7b58496c76c78075c663c674e970c7,37e8956742f0aefc49cf3d88001ca8fc,7e6383c5165f9fb4b8c052d62d859979
5e0ed7beaa1828185efb00af09030068,6d23b92f026927b0d8da65335c573e98,ced1115c722b9c90776a9b4a500fbba1,ba9080b7f2dbdd256d2d990522c593a7
5e0ed7beaa1828185efb00af09030068,01a58b35025b6587ba3b3bcce2d5ec37,2c33017e9b98996030dae7b083b592c8,6cd37657c625d27ec6db0a72764b530a
5e0ed7beaa1828185efb00af09030068,661ce05f5f68ca477f300d3ebc28c46a,dfcca23771ab0d0809f8ad3a84e5ee32,140ee06790a24d840e0e97e3a524dd93
5e0ed7beaa1828185efb00af09030068,c130a6a4c04330996d435c0f428bda5e,849d32dae378ededdc6b6ba8c2ace79d,a92c3773642ea90362461e9cc2d48cbf
5e0ed7beaa1828185efb00af09030068,e5586bfac38ccda9530eb2d0160a785b,a9d2b6a6875f4fb13227963daea0c923,4eb27cdb34bc8b4517df68615c1c4190
5e0ed7beaa1828185efb00af09030068,4cc364788dd244a541988abaa5f2d678,0e84f9fb090a338af53fce0df0b38eeb,8880a1aa18cdabb50552b584fc838cbe
3d7f54f8b93fb9a3c64eca1fceb6578c,e00acbbf2dd87396a5514bc4b4bcd6d6,37e8956742f0aefc49cf3d88001ca8fc,e420805b4060f5fb06c0d0229a30819b
3d7f54f8b93fb9a3c64eca1fceb6578c,6d23b92f026927b0d8da65335c573e98,2c33017e9b98996030dae7b083b592c8,7e6383c5165f9fb4b8c052d62d859979
3d7f54f8b93fb9a3c64eca1fceb6578c,661ce05f5f68ca477f300d3ebc28c46a,849d32dae378ededdc6b6ba8c2ace79d,ba9080b7f2dbdd256d2d990522c593a7
3d7f54f8b93fb9a3c64eca1fceb6578c,e5586bfac38ccda9530eb2d0160a785b,45a06af84f9f57814c5f5bd81a9522f0,6cd37657c625d27ec6db0a72764b530a
3d7f54f8b93fb9a3c64eca1fceb6578c,9d64d87aed439e89896caf2a57108f14,0e84f9fb090a338af53fce0df0b38eeb,140ee06790a24d840e0e97e3a524dd93
