8897cd5d198b4a68c5b3855cbb21cc49,abf522f0368920d947519bea1d7c7ef3,94abad0c14239ad22a2db09b3d122c82,29d932be773d6f38f625131a721cbb7c,aabf71542eb04f4984323b6ef837073d,1644ea90b1b4b548a4619b3d39493b86
c4ec9a0c8f1d3c5b88baf061ca9a4dc9,ae93dfa132cb33c2123e941237f42da6,f9207e0376b1b3e157a8719676909749,e4cccce30bcb06af61d070570ca1dbc8,1cd0239470c713d4e060eb08299add5e,6dd2c5e18e8e38d155e0ab15e61fa744
c4ec9a0c8f1d3c5b88baf061ca9a4dc9,3d62ed12c730ee87f3eafcf3c0970aba,859d5174d7d73874ab5bf4e77386eb95,191cb7517f291f8ce4cd734b84cfec51,1cd0239470c713d4e060eb08299add5e,f57b88c35d603af235a5fa30d92fe37c
ad5efc0300e6823e416bc4986f6564e8,106b723cd6e712e498a816f0b488e21e,3b8c314e4ca2101df9ed094cade6e0c9,7a569cd3dcf9660870c158d9a854097e,944a28704ab6ad529ec77571141dad28,3217dcb90597a539c2c58c9cfcc016ea
ad5efc0300e6823e416bc4986f6564e8,9cd91db87dfc83641dacae9a01e82739,859d5174d7d73874ab5bf4e77386eb95,2abc9408a63131d4ef748f59ea64b303,59a384af7da5da219e13fa304325ab71,f57b88c35d603af235a5fa30d92fe37c
54a8dc4ba3276b3964a129305855bde6,4f6735821769f6d92a9c057648bc2223,f9207e0376b1b3e157a8719676909749,e420805b4060f5fb06c0d0229a30819b,1cd0239470c713d4e060eb08299add5e,f57b88c35d603af235a5fa30d92fe37c
54a8dc4ba3276b3964a129305855bde6,8a4a53770b3195bbf42a554b89383a13,a296b021a8960c5dc79af8bef93d4cd4,a8ce160936229ecc51b08b813ba3f663,944a28704ab6ad529ec77571141dad28,46d34b46caf106f8f2ff63910b342d4d
54a8dc4ba3276b3964a129305855bde6,8a4a53770b3195bbf42a554b89383a13,a296b021a8960c5dc79af8bef93d4cd4,a92c3773642ea90362461e9cc2d48cbf,944a28704ab6ad529ec77571141dad28,c68796ef39b97e00a4e7a78057731eaa
54a8dc4ba3276b3964a129305855bde6,8a4a53770b3195bbf42a554b89383a13,a296b021a8960c5dc79af8bef93d4cd4,a92c3773642ea90362461e9cc2d48cbf,944a28704ab6ad529ec77571141dad28,ac2354eeb88d06587756d487b01d5a7b
e41af6a21d5e5f2a60e40cfc37209c2e,f921e7e03e6199dc55b4c77ac1b1191d,f9207e0376b1b3e157a8719676909749,a92c3773642ea90362461e9cc2d48cbf,944a28704ab6ad529ec77571141dad28,f57b88c35d603af235a5fa30d92fe37c
e41af6a21d5e5f2a60e40cfc37209c2e,ad66c034b4c450b22c289ddfc67bd7eb,f9207e0376b1b3e157a8719676909749,0d434011965764a8ddb17bf9de48d430,944a28704ab6ad529ec77571141dad28,d35fc60719a618e3610a457c872f7425
e41af6a21d5e5f2a60e40cfc37209c2e,7bc1c8ccc6d241e550d6bfb489475c32,0180556152716d780e244aa94345c866,a92c3773642ea90362461e9cc2d48cbf,1cd0239470c713d4e060eb08299add5e,3d7f54f8b93fb9a3c64eca1fceb6578c
e41af6a21d5e5f2a60e40cfc37209c2e,7bc1c8ccc6d241e550d6bfb489475c32,0180556152716d780e244aa94345c866,0d434011965764a8ddb17bf9de48d430,1cd0239470c713d4e060eb08299add5e,3c6e2f58af7223b672577a0b732d02c1
e41af6a21d5e5f2a60e40cfc37209c2e,7bc1c8ccc6d241e550d6bfb489475c32,0180556152716d780e244aa94345c866,18b46bac9c6404600cf555d4c282f64e,1cd0239470c713d4e060eb08299add5e,abdbc6947855a2f35a152841bbe453e6
e41af6a21d5e5f2a60e40cfc37209c2e,7bc1c8ccc6d241e550d6bfb489475c32,0180556152716d780e244aa94345c866,0d434011965764a8ddb17bf9de48d430,1cd0239470c713d4e060eb08299add5e,c3e2057ed2d8b3d73f7658f45e445079
476fb2458b63bce01e107145342dd4e6,03eef5f8cf16de2354b12059139d2ffd,ec0a4e24992213ad66507b9f47eb13cc,18b46bac9c6404600cf555d4c282f64e,1cd0239470c713d4e060eb08299add5e,5e0ed7beaa1828185efb00af09030068
476fb2458b63bce01e107145342dd4e6,68c2de7c3b1b06f7d2458994e51d95bd,b2b8f964ad5f02414b567fc311149610,e420805b4060f5fb06c0d0229a30819b,1cd0239470c713d4e060eb08299add5e,98d4db6a4683b2bb37cfde715f6ee717
476fb2458b63bce01e107145342dd4e6,051567bbe0590bfe26f450e5d7d23c93,f89a9caba8f4d3e56b690e3e5254b06e,ceaf9ae7fb2ffa83411f5175f0fca550,59a384af7da5da219e13fa304325ab71,380d45b7747be683c445a887a3cb9c58
e2c099f305c55f58700c13ceffeabf5f,1c4adabf8e2e0607ce11336178c3a88c,f9207e0376b1b3e157a8719676909749,18b46bac9c6404600cf555d4c282f64e,59a384af7da5da219e13fa304325ab71,d35fc60719a618e3610a457c872f7425
e2c099f305c55f58700c13ceffeabf5f,8f1b5b5fd3eb8b5609f201f802e12a40,f9207e0376b1b3e157a8719676909749,e420805b4060f5fb06c0d0229a30819b,59a384af7da5da219e13fa304325ab71,6dd2c5e18e8e38d155e0ab15e61fa744
e2c099f305c55f58700c13ceffeabf5f,e26b1b0cc60bb2eefe7a91fc4cfaf20b,88d8246cd478a0a50cee28a2da10e213,0d434011965764a8ddb17bf9de48d430,944a28704ab6ad529ec77571141dad28,1c0536c1ecad693aa500d0aef98db54e
e2c099f305c55f58700c13ceffeabf5f,9cacfdb78866a57d444b6b08a16c2847,11e9f52ee6895ecdbc2a14ef97f54759,75de0cac5b2259c924352698a28d6015,944a28704ab6ad529ec77571141dad28,7424c099971e20460b031c0e9f6375f8
