160fde1f73b8db0a7dbdb80eb515622b,65e209b3a396f6693a79a9168d3e142c,1fd3a11dc7a0e4240e251aee8dc8aa16
44532d453d047010d38472f98f8a5414,adb9b3b6438c5822c1be27758801efdf,432fb4c4efec5d9652324fc624401600
18b46bac9c6404600cf555d4c282f64e,bfa952b47fb443a8fb128dfda0d97270,465dd6e089872315ef4ac75bbfb26c01
e420805b4060f5fb06c0d0229a30819b,ad0f6323ad774b364eae6fe794ae2aa9,030586c1642b30910733b1d935662c6f
dcde36700d7abcbc7faba10077d67eb6,6ca0ce315c26ac610880718fe7775c98,672192402a66ce4b511bc2c2bde8dfd5
d519d0806d3086e04ad0e9911a14f14e,d9ad2e2f668a17ab892562a2e4caab74,3d0b32d0dac5b2a9c845cfdd06cd98fe
9ebfbbdbcfe8762113a3f814ecd70d21,93c46c2a343db51999419b0f26b9e11d,7da1f1339bdb737c53c01ddde13ae21c
e265dc10ec37b61435a676c6246813aa,2d88dcf0644f5da33e34cdaf7da62732,7db713a31a55d7918e3fd780dd96cf96
a600b138a89482d3b2b157fea0f8166a,80a7729776a7c2ea734ae9ca32ae2fe9,6205d0ee71e5b0a349c666df0a83b446
6c6c6bc83e06d66eee3cc206283f6015,02ec292903be4ed8a6d64a88a53ae160,029deab5a170f0fec6309db9bb03b397
f5a651e62eef35ef00df367a9d18c77b,036b74a975b6fe2e5bc3a9f40b02ab82,cee35c2d8d80e844aa10dcd1e1a824d9
8f203e0a68928453411902a43a2a5ced,f8c15f2c37e83a7d4759ad4118980440,8a1703fc846eb096486026ffc8249a72
99021761076f0d795b19a638ead2d7f4,5201a2da7e566ab35f1a1a9587936ed6,28192977844c03ab69fe956cc7f252c6
867584a422c868e1fcffa738b4c9f5a3,ef0b3ce2b595064cb3a6fe457431cce7,e7805e46e1d7c5e502c8a0de83c47f34
7b259fba2c358c2e9b11fb0688daeb75,d9ad2e2f668a17ab892562a2e4caab74,a341b41725e6d5f7af500b476013c946
80a89045356efd2f77124bd87dbd0e10,9c9340ab3d9605487cb3caa5d391d26e,825a9aa8683cfbd306d814ed644d2a76
4f43ea993fed146ac5045bae45535266,a9ddb6e6aec6cf6f1da84fdaeea43686,3d0b32d0dac5b2a9c845cfdd06cd98fe
f59ba3b2558c243f05202322dd34a923,1dca53b6ab479bee55465b47894c341f,45e3689fa1502b10e267156e836b70f5
be1acbcd6b9c401f2b7169b2e67c8470,a4a3b4f01851800fd0594acdd9692db1,3cbb6e0ef9a4ed821f23b4518b7ed1e5
62a76dddc3c697369f43acd94cc74c15,ed7a3c812bb95ec3380a27e66ad5cb1e,b3f66690980ca3c5888f6afbf39bfdff
6cd37657c625d27ec6db0a72764b530a,a0f0c8d3db954d01ee1540403a21418e,3c13c9f2416319b86faf57aa580762b7
d251af2d229ebf3f683eb32d059acae9,c930fbd574702d63f8385dcd0e5a1ab5,0177d2a8538d6057822b9c2ad6b73342
f6caf076ac3ea71bb37a024103ac1143,d2264ae3b014711d81c1d496104f07b6,ae42340142e3cd9a48d0ce97e5d603a2
a33415cd422452cde29c2fc871e1b942,442e2c1ccc59006f1f8c37dcc0321e2f,e7805e46e1d7c5e502c8a0de83c47f34
9f469a83c046d59998280900352cc7a6,a9ddb6e6aec6cf6f1da84fdaeea43686,006970c8485bf131134d97ac59d9de59
33c314d661964eab2aff1b720b1e85d1,91c582f0a984413c94e4de6e1b6bdbcf,979c6e7e476bc5f3c4a98df979bda3a4
140ee06790a24d840e0e97e3a524dd93,c4962bb3e1ad381faeaef7bc1e983672,cb67223f2b62aca7ba7b5a5ee1ccf704
2abc9408a63131d4ef748f59ea64b303,2751b68da32bc7a1b06fc7d2982fd0bc,6f7fd9ce9afda7fedc2a13666e0887ad
828c79d899c66cb9cf608bb3a8196fa6,127b15429849bce8efe4308dc82a15b2,a0b15c217ad5fbb2d37e0055034b2ab3
c8daf1e6f3d43878f828fd4a47436542,a4a3b4f01851800fd0594acdd9692db1,9da2c05da8857a3127add5f8804ea17f
8659505acd7e85ba5856f8f92a654c64,86b856835ae31ebf52f6bb154e355e87,61caaa8d39a53a6ce4458e28729b8001
bae4780d6eeb1ac7213255486f874509,834c485f8ac667f3abee4a78233f8bfe,51a514d33e14973c9f493475506bef04
3e540c54a41f95a0e36e21cdf5921443,ede26d8380a3d202c497f74609b76345,86df5981a1bf5055c53e68f2625b8d36
020bd7f6db7ce40fb4afc937a0b8d979,9f099e8953e1821ef6c67de568b641f5,192c613317135e42a3760c68479fcf2c
4e72c1800a9594db3fa3a78b964dc90a,be4d554ea0d44b7098b706d99093e07a,028e8b65a9ec7e2bf5c58fd794018be2
b96738df3ac4ba296f68ff2739e80a0e,4154b2eff1826589255984e8ef90ed2d,a77bc3ef9ea45c321a2cff142affdded
db79ac07ef71209a872492d8a891d594,ede26d8380a3d202c497f74609b76345,a8f79be007afe790d8057afcfb23e329
392b47c614aeae34e647a94f9a4f350a,2d835128e1f9323802291219bfcdfb3b,006970c8485bf131134d97ac59d9de59
b127b24fed933aaf011e627a3dd69e33,596d77d31dea26f5b903e855d41ab50e,a8f79be007afe790d8057afcfb23e329
fdfd579f8555367c7b604f1f2e73b261,d716106dba72a0374cfbb0419d5a2b69,c831b7c0fa5be7ba6aee680a5c586308
b5e10e12d92e50fac1a3b33e456e0297,ad0f6323ad774b364eae6fe794ae2aa9,171547d6080f18b07cb65b29a946328e
5afe1697367d89763025eaf3ab45dab8,9c9340ab3d9605487cb3caa5d391d26e,4e0d1534169bb538abeba3cfe950c235
1c6b687a1ba605fd742d3774f299b82d,02f15e0b1a23cbed1036b815f68345f3,b3f66690980ca3c5888f6afbf39bfdff
a237643fe84b0ebdbb0fdc8a5a06e84c,1d271d7f3708d1ad565494b51e5cf34d,b5d1cd9706c68df1044e0609d82f3e84
1a19b72eae6e2e64348fdb9fee7e7074,7d8b55a2f24adf195dd1efa1343a5ea4,94711c5b81c160e987bbcbfcc6ab4b46
a87f5c21d0f1d5810b0e826c662e2f98,ad0f6323ad774b364eae6fe794ae2aa9,a9fde106fed0e06783b30015527acc60
738c5a5d2b4c461fa460b27cf56d65ca,c21e02690bf569404bbf206b9500efc7,eb949c231ae3ea4fc137cdf1c7800bf7
0b907d2cf47cf570ddd3429b4e330daa,1dca53b6ab479bee55465b47894c341f,af4f79e38feca023c94680186f265317
4eb27cdb34bc8b4517df68615c1c4190,9922a2f42b6d6eeaf3e50a4c2a267709,2125c457b582a11c601573f06b7125a7
842199239b5d3925244b13c90c327271,29729476cb6f8dc9798095c322e3bf0b,192c613317135e42a3760c68479fcf2c
c28976f3ce049002c81f6098e6805c45,e724ff68d9750b64d0786888349513ef,7d6f7f4698e1ec30885a964e617813c2
960ab2a5713fd7ceb799b26430797987,6491ec06bb7122e073d2e00fba796d1a,579563550e52721d9443cf297a56daef
d3454cf54a4068fbbdc4bc8d3aaa5527,d8ba16730dd6ce04b8d7636434b03a87,6a950da5e1c817c1471a6f4b1f1c0b8e
cf391af37b8033ec0524eac4960da137,3a847321c8b74b3cab4c69e06e476bd1,4ab9813baab43e3349858c4088960cb9
8a9504867213a11613926c4c847eff7c,044b6613fbc7a76c28afb64cec483f71,e3bbc8845624b9d0104f353d2cb3330d
e90623a631452a2c861c21f432ae2128,8c20cdb04bf4710b029718a678057da9,959e4648e7b3ecc42a01340edd59ca54
2f66f1ebf237e072fd9aa21c1b0b5dbe,e7d186621a34fcc492d94b517f43f435,9f19fba25afe0b1bbb0c9115a8bdfb84
7e6383c5165f9fb4b8c052d62d859979,ff08d037cd8289d191a23815d72537dd,672192402a66ce4b511bc2c2bde8dfd5
59adb860d6f2f3e5e4966eba1716adc7,a01440703578036d6e4361c4ce2377bb,72bb53b8c7e656902d5e9835ff5dada4
77c003201c4fa9ccd877c19586c5a7d5,c5e420d5cd8211d77834f891052a13ba,0a54914c3f526fc6d0d006d1f2a2c164
850a2622988159db9f848488227f1661,2751b68da32bc7a1b06fc7d2982fd0bc,cee35c2d8d80e844aa10dcd1e1a824d9
22266bc199bc876a3542a0ba5b0c0d73,86b856835ae31ebf52f6bb154e355e87,bac557df2e27b95215b73cc1727b0a23
d59cb6afbd7a67fb01bec2c546ba5640,59be816eecb93ee34db3f502312e9a59,c831b7c0fa5be7ba6aee680a5c586308
349e15e15a53ceb9e3b9e1b74e537057,b31723aa3a3c4e03484837b7ba418432,a8f79be007afe790d8057afcfb23e329
f24f246975c26498df9a76c50c9d6f33,a01440703578036d6e4361c4ce2377bb,b5de117699d8d683111fad49e2951996
69afe9ab3b8b398215a3c58cbfde825c,9c9340ab3d9605487cb3caa5d391d26e,0de3b1a307457e5393f451395d2b90dc
69481f472c4138567dc9e677d6aee239,81bb2122c04f8f10c54c04009799bc05,aa48d8f80480ba413b567dedbf4013d7
633d9837e629f86fed00557fa96cabd3,8aa8878be1cbc0b4d1ad4dd4b989fbe3,fe30120b7f94c78d573ecad9b0464fd3
94ba8d0be531c64fdd47ce0e42f35f98,d8ac500927ba2853bdb3b21edd561a65,d509987d068d1d4b1d172008e3cf2f53
0ce1ffdde91e53716643c157b1994946,5c8a09c119f0592a4932c0e22b4fa7ef,cb67223f2b62aca7ba7b5a5ee1ccf704
3dd8758b77fc28580b35986040157d98,bc8b8857b1dd8b204fb295197f680f1c,6d7518426d69cab4c0dc1f61c008b2b2
fa2f8fec53d1b86e25eb4499b1c26fe5,c903de7ad1bd418cd0b97292688b26f6,3aae5eb0b3f20ede3ef1bfd394cd99ff
7a569cd3dcf9660870c158d9a854097e,d1f0fa1726d4923d9747a802536e19f0,d0edba131ed9afa1cb5b55e221eb716f
334b67c5afa4a2b65c4d89f591556700,596d77d31dea26f5b903e855d41ab50e,53a84b9562bc19400a0873ed1bb665b9
f07be77c9142f771747d9b3f4f863c26,e7d186621a34fcc492d94b517f43f435,465dd6e089872315ef4ac75bbfb26c01
b7b3eea2373568c05859a182205f19d1,1c5ea64bf642e0fda9925140d2a7baae,60b32619103216fbe4bd7a3fe76e7538
997e55c7ed6544b1f38f629b7da2696e,8877cccf60311e0867cc4763e19da568,9f19fba25afe0b1bbb0c9115a8bdfb84
94b99679d34a5a9ca239d645c7636b19,3dd3e802f1b1f97ec0387230f43278e5,c068283db231b94d02c836105666abb5
c68bdaeab87ca01e01aeb41b41c34cfd,30f249bf20cb7f19150590142890177e,cd8cb6a27dea0c76f573df50c68f1284
db86e229b1bb4548cdd0ad5499b2c91c,377d3f1757d6948531621d8407aa0f00,3598c6e91b10d6634e3b96f2edc4b72a
1824ca06bb5778b96c61c41ef50c7716,679b3bda2d424c83c62f17f6ef4861ad,52710ae870b4a3612e54781e988997a3
e9c4a6a8790028d17af82ceabf98feeb,7ca9524398ae224f3199d840c6913640,abf964afb63565e1f7130ff457678949
deb9a0d4000f8742bfcd01e820da8a10,9dfe7367f58d270c7f8ea7a624616866,51a514d33e14973c9f493475506bef04
e935bf07116253253a707fa4a22f49ba,56313f53ea00c8da21645fbcc43e96a2,d509987d068d1d4b1d172008e3cf2f53
efa946fbe3d99111180db001273e5b6d,90303884223b5ceca57062940c06008a,c72da1fc5b811682eb0ca2d16684907a
280704c0a92abc9fdf90edd1e513df94,50bd4cfbf87b8b3d207f39c61c696a82,22532baea893ca2d1e3dec8a6b907ece
8cf338f9e23a10867ad95c4964d2186d,e724ff68d9750b64d0786888349513ef,fb1e2a8c155d17fb94a405705f62c6e8
b970193c0c100733a07e1d6d09d623b8,6f2d44a3d8140e5bf393780dee0aeded,0a54914c3f526fc6d0d006d1f2a2c164
187b5e73bbf46bae049b6b89348708fe,3a76f270f45ba8c55b762622c612350d,1c118e34a7391029c5ab42a4147608d4
26e4fdf85422aff13b255d88a77a35eb,a01440703578036d6e4361c4ce2377bb,5a367cca567675c24ecf976cbba4d772
e50c00d6b2704bcbb791c1d6eac96140,1d271d7f3708d1ad565494b51e5cf34d,c240af9fb4152ea27b453efb11f7ea5a
2e68a55be700b54ae9d92efb2c52378c,d1e35162776d4a278531e9a841f356c0,ed93f69534c8bae10e2ec879e7b37d34
e4cccce30bcb06af61d070570ca1dbc8,31d0b56e0b496964b306c398011f197b,0d85f4874209f54e563ef1c01cec32f1
d253328b507a36b24dc931a7ed04ce03,6bb3b1a81081ec67ce215692abf9cdb0,5a367cca567675c24ecf976cbba4d772
b14457aeeac7c5f31a4dce4d91e030fd,6034dccf9090cbd947195e275bf412e4,36a811061242f3f8e6efb1820de49af1
665208b736cc3381f8f4843e7ab159f5,d7b11f056eccf9e6be848d70303313c4,171547d6080f18b07cb65b29a946328e
486a4d30e1d98e6be5e1baea154abfa8,56313f53ea00c8da21645fbcc43e96a2,171547d6080f18b07cb65b29a946328e
2c823902f5607366ac44f7999987f983,f34a71fc6387e20177fdba694d58d3ea,432fb4c4efec5d9652324fc624401600
e0d74f34711db48568a7152b045c2ece,7aa184f36f378f7e23ad2f6d9a6a4727,b9e63c2048f62e4fc6a31606a0fc1130
0c98b5a60e4d819a4f172269b2267fe4,ed7a3c812bb95ec3380a27e66ad5cb1e,94711c5b81c160e987bbcbfcc6ab4b46
3375fd12abf6b800b135ee083ec6202a,82fe4f01c2755a9edd68c72a3c9468cc,8a7befe3086afc925b33d700634a5db0
bc743c8944b45b5d67611df64be121c7,b31723aa3a3c4e03484837b7ba418432,d0edba131ed9afa1cb5b55e221eb716f
31f1c2a0a88a0087137da4f49577a11f,5a9f5f92d56d9cac598b83f8a5e97bfd,abbc3c5fe8b32cbf0ae4704b9368f34e
36a3067014647aa884e5f1aa9db4bb9b,a4a3b4f01851800fd0594acdd9692db1,82ab425a10cf87e3cb6fda4940eec910
7fa7f44041bd93c9ed497c1da2a5cdcc,c9d6bb02a013198f4b371c1aafda84b6,598c1f60ecb7569d46897b7983c1423c
1707981dadaf3f50ae0625730a442519,618e93c8501a209527158af38c180704,5a367cca567675c24ecf976cbba4d772
75de0cac5b2259c924352698a28d6015,6d488b21917f30b2a486b89358c8ada7,52710ae870b4a3612e54781e988997a3
a7555bd88aec695063b30643d879e4e5,679b3bda2d424c83c62f17f6ef4861ad,e3bbc8845624b9d0104f353d2cb3330d
a8d81bbd3e615c2e108aaae8cc72f9a7,2d88dcf0644f5da33e34cdaf7da62732,bce487aada112e95e4a8d5a48c5e7396
240fa1a287396144188e8ef5769cc0f7,4fe614ecfe78a6ec975857b44f4ff4cd,d0aff014c724911323c8a75a6c7f963f
86fab0ca913adcaabf45e166e01ee692,444c1fa3cfa337f81aec642daaf63672,d104190b0c4e5426dcbbc4a400b4f15e
52f78512554a0ae35a9c1ee0d46a4b6d,4670d5fe34f2701ac1c2e34be444250e,b5d1cd9706c68df1044e0609d82f3e84
4de162e063c2d502c72e2949c6e0e2f4,442e2c1ccc59006f1f8c37dcc0321e2f,ab4578f578651b4bba2666108ae6c72c
f0ab2285bb433cfb354a168256bd12d0,9c925501de643ae927a33352d272b777,1a95535400e9146bfa153ecb95f7232b
66bc10bc609fc61c1474ba615fc455c9,e724ff68d9750b64d0786888349513ef,028e8b65a9ec7e2bf5c58fd794018be2
f3397529231c53d362c0ac2f430bee7d,a106d7533993bfcc2cb8747722209a37,e3bbc8845624b9d0104f353d2cb3330d
e9c995940deaf41f05fc2f77053113b6,b8eadfbef2a8d903ac8fa4f34f80454b,3c04873980db3e295f4c63eb06dd2f45
a7587846b86367d26ee2d0b138694754,8e7fbf54032b29f9352c34ea8c707c4e,ddf3e197d6c8708d5d650d06d6f69f63
477417126cb11d335a87cd23af21c3dd,a106d7533993bfcc2cb8747722209a37,edca48c2ec17f01f9c50f44bd63396cb
a92c3773642ea90362461e9cc2d48cbf,8c20cdb04bf4710b029718a678057da9,7da1f1339bdb737c53c01ddde13ae21c
2598f6f9e5e46e48480c20c9abf1294b,b4616c01def31b0a910f64449d4f5f1b,3cbb6e0ef9a4ed821f23b4518b7ed1e5
bb223f8ee5a0a9292e4c7b63efa95e4d,29729476cb6f8dc9798095c322e3bf0b,e656110666a791b19329f2e4a03e9997
ba931983836f4c436fea73b96cea96ff,316247962a99792389509b9ab4834038,a77bc3ef9ea45c321a2cff142affdded
467a1a2b6cbad65f6d196ee7233db9b4,ed7a3c812bb95ec3380a27e66ad5cb1e,ef62f71f93409b802dad428fc1a943b8
1fe71d3cb1d906a929ab1c303ce3516d,834c485f8ac667f3abee4a78233f8bfe,eb949c231ae3ea4fc137cdf1c7800bf7
a714c2e5f7ed9452c17cd05da3c0a1db,94d2e8fac3d927d5f3f3f3b8e8a8f4b8,b9e63c2048f62e4fc6a31606a0fc1130
b6770bcc9c3d10757ba9d71c5ad264df,4e0d001a8e83c525eaa1429c93818d32,959e4648e7b3ecc42a01340edd59ca54
ab4dfe960005dbf03d3adfbf324a224a,6ac380e4e661a60f316bf97f62ef3f39,da644470637d2103461d4eaaf1278914
26548a839120ea891d6a17e763acad7c,f8c15f2c37e83a7d4759ad4118980440,b5d1cd9706c68df1044e0609d82f3e84
cd4fb841c31f2adb8701dbfd225d64c9,442e2c1ccc59006f1f8c37dcc0321e2f,cedd3183893959ef690642fe69377388
13bb9dc96ee129fc083828bfc1ff0cd1,ed7a3c812bb95ec3380a27e66ad5cb1e,8a1703fc846eb096486026ffc8249a72
8304270b7567b71bf84da7255c3139b9,171ca71be606849bba860c5471acec26,ca80286e39077ef66bb9cf7f6c502eee
cd0dfac8fb5994951a492cd5e983e189,a1e8b0e4d2dba8ba0b810fe0acbdac4c,598c1f60ecb7569d46897b7983c1423c
be525223252488a84b0f455bd0057968,cc05907a211d342b0beab63df887b036,d2b32582a85323c53266f32aca94528e
ceaf9ae7fb2ffa83411f5175f0fca550,327a396176ff6f8ff7f98c3fb8f37fea,0177d2a8538d6057822b9c2ad6b73342
f10b6f72c53ea33524f9758882da2ebf,5a9f5f92d56d9cac598b83f8a5e97bfd,b9e63c2048f62e4fc6a31606a0fc1130
8880a1aa18cdabb50552b584fc838cbe,02ec292903be4ed8a6d64a88a53ae160,67e0198db51adbda61fdbf985df5c54b
93c9b727b8c4096e0cf8a6adacb082d9,ef0b3ce2b595064cb3a6fe457431cce7,7db713a31a55d7918e3fd780dd96cf96
cd6570482cac6564e1c8bf771ade2cae,c4962bb3e1ad381faeaef7bc1e983672,86df5981a1bf5055c53e68f2625b8d36
42bf55bf42efe22812ffd688832c4adc,c85794ccf20b6bec364675e0b002fd57,3a0812a7b65a9905205816753af60e6b
06657dc61e2139e68dfa4b5feaf74da1,667ce22a0845cc9e6f62f493ed396a18,e7805e46e1d7c5e502c8a0de83c47f34
1748e072d8af41be0b4da4d40856419b,7cb472122f9caf8ea5839150d7223948,ff04d8a4955618a5b22ff2b5ebf7a19d
b27f8eb85a50af94a6ac9169115294f5,c4962bb3e1ad381faeaef7bc1e983672,67e0198db51adbda61fdbf985df5c54b
9d3929beb625d8acda16ad09e3857be7,7628bfe815a05601c07bcbf76c2c3334,6d7518426d69cab4c0dc1f61c008b2b2
9ec54f823a72c31622123e8e92361143,d8ac500927ba2853bdb3b21edd561a65,9cb82ca23e43d298b8ace86927efcf5f
4b59723893f2858f727414725882ffff,1f87bb28a042769f6c62da881acdad2d,c349948cf93e9da2709b4515c9a60d8f
5dc32f009b7541f29b67dddccadc5615,d8ac500927ba2853bdb3b21edd561a65,a0b15c217ad5fbb2d37e0055034b2ab3
efdb7a2b86720882d5c33c0ec63b56fd,1c5ea64bf642e0fda9925140d2a7baae,3cbb6e0ef9a4ed821f23b4518b7ed1e5
8fa445b9ce87b588fef656049addbc20,975ba99b0ecfd5c80efc4af7a48b5d1c,2fd35a1fb75e8bab39c877a241438f40
167a4ba4d1f26e29155db2882d03bb97,3f6f8d5a320ab3c46b02fe7aa1d43980,1c118e34a7391029c5ab42a4147608d4
ca112b20a453b509b7b9a4e05844139f,9b7221409f8009869341f8184ac703d4,a188e8c07458bcbdf295d54df28af3aa
67f6085dc6a6b6b3dd4a44f801a1eb24,316247962a99792389509b9ab4834038,49b750cde744db05d8e2f434d540a10c
3fea33239618133aa06825af10978a02,d8ac500927ba2853bdb3b21edd561a65,cb67223f2b62aca7ba7b5a5ee1ccf704
432ad68d1f87123f227d17f908ea30f1,ab479eacbe55c85c74ef14c5c90f3ce1,fb1e2a8c155d17fb94a405705f62c6e8
24c01f453e850056de2815753ac06ebc,b4616c01def31b0a910f64449d4f5f1b,d0edba131ed9afa1cb5b55e221eb716f
3bb95ed367958c815f6619f5953269e0,9f099e8953e1821ef6c67de568b641f5,52710ae870b4a3612e54781e988997a3
3147678d5a9dde26b0ab556d148b9566,eb597b3e835e29879e0e9fc10f6fa057,2eec80181a5a6b025cf78bb1528d00d4
c1b6b4b35da4ba7f39f2d11a65f3468c,7139262ad4df01177908f333621294d3,d0aff014c724911323c8a75a6c7f963f
110a31812fd8eda021b9f25978803393,044b6613fbc7a76c28afb64cec483f71,5ba91594e51196ca4ef2b0757c8c0d9b
24cb6ddc23a0cb1d83f06fb9507c6b21,93c46c2a343db51999419b0f26b9e11d,1249aa44dd0d89f2762d3e19a000d4e7
bf325b0772fc4986c8683c635991a24c,6034dccf9090cbd947195e275bf412e4,525b15f9bb70916f59ccd27ee753a7a0
840d8dc70843478c198ea10912a59f21,2ce95ea39e8fc2243a58b09d2b72b38e,01bdc2f8f4f1da168026a9bbdf92cc99
1a8deec5e1bce53b34e260506adeb634,3f6f8d5a320ab3c46b02fe7aa1d43980,1c118e34a7391029c5ab42a4147608d4
886111accf04341a241fe0714d4c6162,02ec292903be4ed8a6d64a88a53ae160,8a1703fc846eb096486026ffc8249a72
d09d8189e32552f1dae4a14720ce5fe4,618e93c8501a209527158af38c180704,b9e63c2048f62e4fc6a31606a0fc1130
2dd9d004ac487ecbd8529572cbff0482,32c91ab0d42de03d3d187a4d09d45a55,0de3b1a307457e5393f451395d2b90dc
a0b5478dfba810376edda3e5c8c6b0bd,e724ff68d9750b64d0786888349513ef,60b32619103216fbe4bd7a3fe76e7538
d7297af0f34e173db912160668cba4cf,127b15429849bce8efe4308dc82a15b2,3b1bd6773a655345d1b35ea1110ad96f
0d434011965764a8ddb17bf9de48d430,8d5d96077df3f1c590b48f446e25bce4,a29a3fcdb6ba5f414d086ffe82216a44
dfa377b406831f26cdec447d2741f945,9f8f2b6626be7890a76ef51e508c9cc1,86b3a2ddda488e51ef8d4b5cf963d906
a8ce160936229ecc51b08b813ba3f663,31d0b56e0b496964b306c398011f197b,ed93f69534c8bae10e2ec879e7b37d34
33021c5eb2664eaa6e66b8a218a1bf68,0184e67db8616858bb0299c8c41080e7,60b32619103216fbe4bd7a3fe76e7538
35bd77fac9b5efff4b9a321d65b4e5fb,6d488b21917f30b2a486b89358c8ada7,b5d1cd9706c68df1044e0609d82f3e84
94644aa6d44e6526613b3f53dcb98796,d9ad2e2f668a17ab892562a2e4caab74,b5d1cd9706c68df1044e0609d82f3e84
b87b859e203663a69c5d9910b52f126a,9e542b3045a2af20f385af040511ce37,edca48c2ec17f01f9c50f44bd63396cb
ef46ebe4b43be4fc10c2b93fe45ba546,2751b68da32bc7a1b06fc7d2982fd0bc,e7805e46e1d7c5e502c8a0de83c47f34
520b3f55ccb0522f3e6060ef1835d6e1,6e3bb07236235d302ea917d4dc096d00,87e536adbf9d5bf49d03ac81ee4ae60a
8ec23ea928972f808ac408e3eaaf40da,94d2e8fac3d927d5f3f3f3b8e8a8f4b8,a188e8c07458bcbdf295d54df28af3aa
b1620944dd22614b253f5fdf854637aa,bfa952b47fb443a8fb128dfda0d97270,fe107d0dc82e8d046937a9af5036ac6f
b46c2c47308770f1e9fc636f6598ee96,f3d4c5c0d6772d3e69ec1feb0abe5282,0de3b1a307457e5393f451395d2b90dc
f226f0f6e0546fd684d1db8c10e619c1,6299851c866a8d36bbcbdb0f7777caa2,672192402a66ce4b511bc2c2bde8dfd5
1ca7ef224cff09574084be2096ecb485,2d835128e1f9323802291219bfcdfb3b,825a9aa8683cfbd306d814ed644d2a76
bab5b0fd112e87be82d3c7160fbb7bbc,b9fe952c3a280200c11a08787f64e56c,61caaa8d39a53a6ce4458e28729b8001
eba716773501e33a882d85478be42a68,8d5d96077df3f1c590b48f446e25bce4,53a84b9562bc19400a0873ed1bb665b9
79ae67aa2a7ad7e0b225d99ea52862ec,0184e67db8616858bb0299c8c41080e7,d0a8a5842ed412c0d40a675697170229
65a21864f930a9d641f5592bbff09819,5a9f5f92d56d9cac598b83f8a5e97bfd,a9fde106fed0e06783b30015527acc60
191cb7517f291f8ce4cd734b84cfec51,0184e67db8616858bb0299c8c41080e7,28192977844c03ab69fe956cc7f252c6
5d57585395d4db292b55bb098d63bd76,6299851c866a8d36bbcbdb0f7777caa2,c240af9fb4152ea27b453efb11f7ea5a
768a18f8dc32141fa0942fe599ac69cd,6f05fb72f211b312bbed765175484593,53a84b9562bc19400a0873ed1bb665b9
113e683c4aeb6e1740e95381f58801fe,3d1711950cc3872a40b625245587a438,a341b41725e6d5f7af500b476013c946
66be5be06fa42fe8d2b624f78eb96994,b615b0bce84358bc7b43a9faabbde133,abbc3c5fe8b32cbf0ae4704b9368f34e
fc08d78f165de1f0a98dd2742442eda7,2197bca14c0c23a5e21bc466358f186c,a0b15c217ad5fbb2d37e0055034b2ab3
8d689976d92bedf5164e6e58ad7df348,b4616c01def31b0a910f64449d4f5f1b,5ed19a367bfefc865ec31a59bd953588
5d1b644981dbada6bafe00afdd01a7fa,d7a1ded96ba42f6f8c54639c6ae8396f,f8c384127b30f1717191878af5a3cb54
ba9080b7f2dbdd256d2d990522c593a7,1f87bb28a042769f6c62da881acdad2d,4d0d13ffd809af0fa00478885ee7e444
f41ca3c79ac51ead1cc618592206d3ed,02f15e0b1a23cbed1036b815f68345f3,86df5981a1bf5055c53e68f2625b8d36
2f8ec25d11e8868ce052dab0bc2343d8,a4a16b3a7bb7190de8c61aa11a378226,908d959e4a3b450b1143b1527db98338
29c77d1c68e50da8aa5b5c0a3fcc13d9,91c582f0a984413c94e4de6e1b6bdbcf,a54a0a5cbd3ee57e4af29f388964446f
0cda42db5b50e2773480d88e21f21113,c21e02690bf569404bbf206b9500efc7,a2e3bfd20e1742e8a38252419e5d88c6
0a2280688f451145e60cc561faeb6ebf,bfa952b47fb443a8fb128dfda0d97270,a77bc3ef9ea45c321a2cff142affdded
23b2f83e017dadb983bbbe857608f055,b31723aa3a3c4e03484837b7ba418432,979c6e7e476bc5f3c4a98df979bda3a4
