202fd0a0af4d92555d62efc69135c10d,1a69ec488c134d9dc61ead9be273fd0a
77645ad407267559c9646b8d2432996b,a766359dc5c1a0406e149eb9dc2a873d
1200380321abb10f44bbb6da7196fdbf,461e44c67b5e0561a95aad66017e040d
1d2e6434bfd3bc0893a0d06cd2bd850c,133ec9bf3278dbb3963f7a76f5c0b6ef
543f7361b9310b3e55a10c9c4569158c,024840b57170c0195e633925939e2f69
de4c83bab8a513b6cd10895537d8b1a2,3f501252810aa9261820a638c9f2171c
4960f59e98b15759c7b94812902a5536,e4eba93abb296e3056ab2c713026feee
a885a289c04769ff03ddeafe20148688,a15e9a52bb438e6a49c2387d5380389b
77586ad1b370a9107ea6a7a25aa7d7d7,8b7384ad5c16538c46303c4f1c5ccffc
5c2d685aeaa92b376c5021355b3a62ac,6b335991439cf3d05370b0a3a33d5540
cfa7c4cf294db0c3274c44724de617c8,6cdc4033171a18eafc8d0e5337fbc8f0
1acfc1e3ad6755c5ac99d7fca4327490,8d611f367ee0eebcbd3c23940e1c40d6
eca33e3ef01265f6b4dcda8477b966e2,f3e83392c1c7ff8ca615d0051756a664
9ac347c3a1eef7e456eb2026ae11a384,5642f8ba5921438b3af31798ec3db3aa
3bee551a4c05b3072ab68bd9e4ec128d,708721b57041e6a1a1e663e828627941
7936c28af644536bff9bd2c36391a507,1971cc05121aec70cb7a31f7bf971153
81dc05f168bfa24b1f9c3e2fc690963b,54f67beaf93742cd857415ad571f426c
